Unnamed: 0,link,usr_name,profit,totBI,totCashes,roi,roiBI,tournaments,abi,itm,tot_tournaments,tot_avFieldSize,tot_avBI,tot_profit,tot_avROI,tot_totROI,ly_tournaments,ly_avFieldSize,ly_avBI,ly_profit,ly_avROI,ly_totROI
0,https://mttmarket.com/users/5565a6b70cf25c1c3c036d36,Shpocker,694.94,4029.1,4724.04,17.25,20.76,715,5.64,23.36,6634.0,3196.93,1.32,3284.74,29.94,37.62,1930.0,159.78,1.82,1230.6,52.48,35.01
1,https://mttmarket.com/users/559d77630cf2d95aabb270cd,Bioinformix,-3313.16,15825.2,12512.04,-20.94,-0.01,786,20.13,21.88,11311.0,1900.04,10.68,10281.51,43.46,8.51,1661.0,427.37,20.77,1441.27,24.98,4.18
2,https://mttmarket.com/users/55ae596c61ccb6000e13603e,maximusaces2,-1231.68,4414.04,3182.36,-27.9,-25.86,643,6.86,17.42,2123.0,1313.88,2.54,152.19,3.48,2.83,1035.0,250.52,3.59,667.5,27.34,17.94
3,https://mttmarket.com/users/55a66e790cf2c4481c7c5cc1,zum-zum077,-3166.26,5752.1,2585.84,-55.05,-55.14,577,9.97,19.76,5281.0,3947.69,5.25,3917.6,23.53,14.12,437.0,481.98,5.78,-1459.15,-25.08,-57.8
4,https://mttmarket.com/users/55b774d761ccb60012f31507,angerr,15009.1,8460.23,23469.33,177.41,97.5,725,11.67,23.17,7000.0,1831.84,8.69,22554.72,26.57,37.09,683.0,480.46,18.64,7278.35,52.07,57.18
5,https://mttmarket.com/users/55aff4fa61ccb60011d702f8,dmitry83,9029.91,8094.41,17124.32,111.56,106.89,950,8.52,17.47,9118.0,1190.63,2.61,12333.54,31.63,51.76,2000.0,379.01,7.02,1573.6,11.26,11.21
6,https://mttmarket.com/users/53a040220cf2c8120d43379c,xquizzza,2318.37,4674.96,6993.33,49.59,39.27,397,11.78,22.67,12480.0,1665.75,5.91,14915.59,35.09,20.23,3280.0,360.23,9.54,7734.77,33.32,24.72
7,https://mttmarket.com/users/55eebec761ccb65540d2383a,nur1ck,-324.0,324.0,0.0,0.0,-100.0,2,162.0,0.0,44784.0,1331.38,49.15,391517.99,26.93,17.79,1703.0,343.23,56.12,-11541.02,-5.14,-12.08
8,https://mttmarket.com/users/5457ce390cf24a5c0d8533a3,matters71,21057.42,31599.29,52656.71,66.64,55.57,2010,15.72,22.74,9998.0,1917.14,4.79,25869.07,36.98,53.98,1284.0,428.26,9.73,3868.65,22.09,30.95
9,https://mttmarket.com/users/542d594c0cf2c31f2c266ac9,papa_af_true,4662.88,20615.88,25278.76,22.62,29.23,2866,7.19,17.76,18189.0,513.2,2.4,10059.39,27.99,23.07,3252.0,305.12,4.86,6887.46,54.19,43.62
10,https://mttmarket.com/users/555ef8880cf2820a8e3d8b32,Luckybet101,1909.08,7545.06,9454.14,25.3,35.73,1214,6.22,18.53,4786.0,906.0,3.21,2410.85,19.92,15.7,1639.0,223.64,3.56,1874.25,37.58,32.09
12,https://mttmarket.com/users/55cfcc9061ccb6133155fcad,mnevezet2015,-1609.82,4599.74,2989.92,-35.0,-6.74,369,12.47,17.62,1088.0,1999.4,8.34,3051.71,44.62,33.63,726.0,477.58,8.65,3087.08,77.0,49.14
13,https://mttmarket.com/users/54a29d6b0cf23c2fa9bd5ce6,regisser,937.9,15279.06,16216.96,6.14,7.41,1667,9.17,18.9,5722.0,2644.69,4.52,5365.81,65.3,20.74,1895.0,348.72,5.82,1393.84,47.67,12.63
14,https://mttmarket.com/users/537d2c0b0cf2c8120d3e6047,AwadeuS,1734.63,11679.27,13413.9,14.85,45.72,1259,9.28,20.89,5231.0,2051.61,4.6,-546.12,15.76,-2.27,1309.0,336.88,5.28,2325.51,70.14,33.63
15,https://mttmarket.com/users/533436bd52000058c1a9c6b7,arecibo_eye,5651.52,12567.61,18219.13,44.97,72.18,859,14.63,23.4,5071.0,3764.48,6.98,29128.26,118.26,82.28,419.0,474.65,10.76,62.13,3.25,1.38
16,https://mttmarket.com/users/55360d190cf26d1eaea49faf,Sytnik,1866.39,6172.87,8039.26,30.24,35.41,818,7.55,25.18,4720.0,3486.18,5.28,7156.2,28.42,28.74,789.0,426.4,5.52,1164.2,61.11,26.71
17,https://mttmarket.com/users/54eb6a500cf22b7780462624,managa,3627.2,20171.9,23799.1,17.98,15.84,967,20.86,18.1,3335.0,1102.39,8.33,7179.85,41.64,25.86,1666.0,309.62,9.68,4787.37,55.66,29.69
18,https://mttmarket.com/users/55bbf12e61ccb60059523268,master.zuev,1195.85,3907.6,5103.45,30.6,40.5,444,8.8,25.45,7552.0,1803.6,5.67,11475.69,41.18,26.82,1665.0,357.52,12.84,2805.27,36.19,13.12
19,https://mttmarket.com/users/53bfc9550cf2e09139ecace7,jenia007,99.6,3288.75,3388.35,3.03,6.67,248,13.26,20.56,11585.0,805.0,8.66,53944.93,26.5,53.79,2690.0,326.6,8.62,10485.01,38.43,45.21
20,https://mttmarket.com/users/55b944e061ccb6012efae3b1,vladdnepr,-654.29,1256.6,602.31,-52.07,-50.89,246,5.11,17.07,4015.0,3385.45,2.47,1203.49,76.03,12.14,462.0,313.24,3.0,-552.74,-1.07,-39.87
21,https://mttmarket.com/users/5411600c0cf2295303680d0f,F14,11863.42,47382.64,59246.06,25.04,26.33,2010,23.57,19.25,8849.0,2083.56,14.89,22353.96,19.94,16.96,2398.0,382.19,17.67,6735.56,22.12,15.9
22,https://mttmarket.com/users/53abd5490cf2c8120d44fbfe,itsNotFun,310.41,12214.72,12525.13,2.54,24.01,1012,12.07,19.17,4762.0,1268.69,7.81,10904.5,50.28,29.33,1674.0,310.28,8.83,15.35,12.79,0.1
23,https://mttmarket.com/users/55953fb60cf2d95aabaf3531,be_successful,-84.25,4462.75,4378.5,-1.89,-2.68,613,7.28,22.84,26650.0,656.15,5.53,14793.1,17.73,10.04,1044.0,561.14,10.33,46.87,21.5,0.43
24,https://mttmarket.com/users/543d59990cf24a5c0d7c7ec5,OMG!agro,11721.3,39804.52,51525.82,29.45,44.54,2707,14.7,18.4,9834.0,1875.54,7.66,13312.62,30.24,17.68,2155.0,314.04,13.27,2116.37,13.52,7.4
25,https://mttmarket.com/users/555c4f7a0cf2820a8e3cd56d,bleenk,-1578.86,5424.29,3845.43,-29.11,-26.81,252,21.52,19.84,7383.0,1924.22,11.46,4569.43,35.79,5.4,2349.0,424.12,17.36,-375.78,22.51,-0.92
26,https://mttmarket.com/users/545a67f70cf24a5c0d85e61f,Vzyatkov073,-349.63,3822.28,3472.65,-9.15,27.4,781,4.89,22.79,5043.0,2422.47,5.17,3715.84,32.67,14.25,559.0,437.1,6.05,-541.13,-12.23,-16.01
27,https://mttmarket.com/users/5386467f0cf2c8120d3fcdf1,check90,14788.65,60624.04,75412.69,24.39,24.21,1728,35.08,20.54,13148.0,1893.67,16.16,69855.92,47.77,32.89,2631.0,473.51,26.51,49477.62,61.94,70.94
28,https://mttmarket.com/users/52b32f4b5a00006002eb24df,NikAs,44494.65,365912.13,410406.78,12.16,22.32,6962,52.56,19.66,21621.0,1984.17,26.83,104930.76,50.66,18.09,2758.0,361.05,47.55,44146.83,48.58,33.66
29,https://mttmarket.com/users/5527c9b60cf28d50eba1fcc4,Bigluckpls,-1072.84,8553.51,7480.67,-12.54,-6.13,404,21.17,14.36,6788.0,882.75,17.5,26749.99,28.47,22.51,1655.0,226.95,17.4,2305.84,12.46,8.01
30,https://mttmarket.com/users/556eb6c90cf2a06f774a60ee,marat2302,262.42,2946.6,3209.02,8.91,1.65,407,7.24,19.66,4217.0,2547.7,5.39,6862.02,40.21,30.21,447.0,526.69,5.35,1026.94,29.69,42.93
31,https://mttmarket.com/users/54eee3a90cf22b7780472da2,AHTOCb,8847.37,23270.32,32117.69,38.02,56.15,1199,19.41,23.52,15470.0,2927.95,11.61,42196.73,45.52,23.49,3569.0,478.99,16.04,14508.04,35.9,25.35
32,https://mttmarket.com/users/559bf11d0cf2d95aabb1f1f7,KASMETKO,-1241.42,7103.11,5861.69,-17.48,-15.63,643,11.05,14.93,5212.0,4493.31,4.32,12026.11,54.82,53.4,282.0,316.33,11.1,730.8,21.06,23.35
33,https://mttmarket.com/users/54a2b47a0cf23c2fa9bd696d,kyzyldurrr,-2502.98,4529.7,2026.72,-55.26,-51.56,300,15.1,22.0,15702.0,1591.07,5.89,16066.62,20.1,17.37,2724.0,427.64,12.38,14138.87,27.65,41.91
34,https://mttmarket.com/users/532ca3935200008d4da9c533,OtDushi,26854.08,130127.28,156981.36,20.64,28.88,2823,46.1,20.33,4106.0,1395.05,28.51,29208.34,38.23,24.95,1075.0,315.12,49.82,127.62,19.55,0.24
35,https://mttmarket.com/users/549bdc8e0cf23c3abe0c1f03,bblk,5174.03,40473.79,45647.82,12.78,31.69,4113,9.84,18.21,25692.0,1415.6,20.7,197927.66,61.77,37.21,2133.0,452.56,9.24,6074.81,40.85,30.82
36,https://mttmarket.com/users/54a1bc060cf23c2fa9bcedf8,pian76,-249.96,2174.3,1924.34,-11.5,-3.71,418,5.2,22.49,4418.0,1356.64,2.57,2418.82,53.2,21.28,1211.0,382.63,3.49,652.46,45.48,15.45
37,https://mttmarket.com/users/55ad35e861ccb6000f5e58de,bruini,2715.19,4734.6,7449.79,57.35,64.58,759,6.24,19.1,5017.0,895.48,2.77,5781.11,38.42,41.65,440.0,498.79,4.71,194.77,24.99,9.4
38,https://mttmarket.com/users/557ec3370cf28887159e8407,petoose,-1108.17,4660.08,3551.91,-23.78,-11.65,843,5.53,17.91,6366.0,4224.24,3.22,2690.64,19.03,13.12,610.0,425.43,7.83,-435.6,26.03,-9.12
40,https://mttmarket.com/users/553d123c0cf26d1eaea65028,IGOR1010,2455.7,5195.66,7651.36,47.26,43.47,1088,4.78,22.06,3591.0,1680.6,3.19,3916.12,28.3,34.2,1511.0,454.5,4.05,1706.58,23.59,27.9
41,https://mttmarket.com/users/5576dfdb0cf28887159c7136,plush0,3150.38,8309.45,11459.83,37.91,39.75,949,8.76,19.6,4084.0,2235.02,3.4,5137.94,58.3,36.99,1481.0,393.52,4.86,4337.43,89.97,60.2
43,https://mttmarket.com/users/557ed7200cf28887159e8b77,TomCoep,436.18,5420.21,5856.39,8.05,25.42,992,5.46,20.77,2625.0,1720.58,3.78,7449.73,45.79,75.1,914.0,473.71,7.1,3848.93,71.57,59.3
45,https://mttmarket.com/users/537252150cf2c8120d3ca38a,Jumanja777,17642.47,39704.98,57347.45,44.43,70.22,3035,13.08,20.96,8503.0,1947.89,10.58,49153.16,88.22,54.62,2782.0,425.9,12.95,7022.17,42.07,19.5
46,https://mttmarket.com/users/55a78be60cf2c4481c7cae76,rodevisto,-1353.66,12328.91,10975.25,-10.98,-10.42,932,13.23,24.03,1755.0,387.62,9.01,10340.06,65.84,65.43,1332.0,241.49,9.43,7622.93,76.61,60.69
47,https://mttmarket.com/users/5411d2b60cf22953036831e9,silverbuttonlad,3806.73,12637.97,16444.7,30.12,56.66,1877,6.73,23.12,20339.0,1003.81,5.74,21566.28,36.9,18.47,3143.0,285.39,4.4,4652.42,46.69,33.68
48,https://mttmarket.com/users/554a21bc0cf2bb0785a32293,kolowsk1,-2793.8,11809.0,9015.2,-23.66,-19.29,856,13.8,19.04,4123.0,3302.89,44.8,90943.17,56.83,49.23,648.0,426.34,14.69,2455.51,55.51,25.79
49,https://mttmarket.com/users/5581ce4a0cf28887159f72a7,Stalpan,-2691.28,9871.62,7180.34,-27.26,-20.45,1231,8.02,22.42,21208.0,2521.21,8.69,19981.49,33.12,10.84,1351.0,527.82,11.83,-1905.49,-12.06,-11.92
50,https://mttmarket.com/users/54ebbf270cf22b7780463868,TuzMan23,840.59,19249.68,20090.27,4.37,1.87,824,23.36,20.63,10141.0,2274.37,24.8,65516.15,49.28,26.05,1505.0,346.09,25.36,1313.46,30.67,3.44
51,https://mttmarket.com/users/537800600cf2c8120d3d8eed,Crock,-321.72,4981.21,4659.49,-6.46,2.0,546,9.12,22.71,8511.0,3429.21,5.67,12034.46,53.78,24.92,1230.0,430.07,7.06,1058.67,48.71,12.18
52,https://mttmarket.com/users/555deed30cf2820a8e3d3d6b,utaquake,-691.68,6195.83,5504.15,-11.16,5.57,939,6.6,19.7,13118.0,1519.79,2.98,4445.39,36.88,11.37,3189.0,217.09,2.0,1717.52,46.84,26.91
53,https://mttmarket.com/users/555b4bfa0cf2820a8e3c9792,KeryaSvyatoi,648.56,2036.0,2684.56,31.85,41.52,410,4.97,24.39,15068.0,1286.8,1.75,8496.15,35.47,32.2,3017.0,174.88,1.98,2545.53,52.25,42.72
54,https://mttmarket.com/users/5563057d0cf25c1c3c02ed7b,iamhater,165.56,4889.4,5054.96,3.39,22.28,965,5.07,16.37,4539.0,1204.89,2.25,1485.6,23.0,14.56,1666.0,313.31,3.38,668.35,29.03,11.88
55,https://mttmarket.com/users/543033f50cf2c31f2c2793a4,Noorgle,3658.32,26310.9,29969.22,13.9,13.09,1093,24.07,19.49,9521.0,583.52,11.63,24229.77,27.2,21.88,3756.0,234.2,17.11,16814.26,33.28,26.16
56,https://mttmarket.com/users/54a7e2090cf23c2fa9bf2c94,Play_yyer99,5265.69,22574.59,27840.28,23.33,27.68,1499,15.06,17.01,37249.0,317.73,5.18,39795.1,29.71,20.64,4324.0,201.71,6.15,9755.88,45.39,36.67
57,https://mttmarket.com/users/55b1121561ccb60010e6dea0,beetle,-1553.82,5945.36,4391.54,-26.14,-23.35,1013,5.87,20.04,11146.0,3816.88,1.43,-704.08,7.09,-4.43,2208.0,211.22,2.41,-43.63,9.84,-0.82
59,https://mttmarket.com/users/53955e070cf2c8120d41c860,Депутат,8107.58,42607.63,50715.21,19.03,14.75,3142,13.56,16.65,5163.0,1976.07,10.03,6827.42,16.76,13.18,2726.0,309.02,11.76,6743.77,22.14,21.04
60,https://mttmarket.com/users/5531265c0cf26d1eaea394db,modu1us,-2925.33,9520.75,6595.42,-30.73,-27.33,1320,7.21,15.68,5954.0,1239.13,6.85,3106.84,33.61,7.62,1609.0,273.5,6.45,-1961.54,0.23,-18.9
61,https://mttmarket.com/users/554bd3a50cf2bb0785a3887c,ZIG,827.89,2841.74,3669.63,29.13,38.22,206,13.79,21.84,1252.0,597.8,7.9,5736.9,72.8,57.99,262.0,418.06,15.51,3330.01,151.56,81.95
62,https://mttmarket.com/users/5532a25d0cf26d1eaea3d260,nik1020,1718.97,6348.54,8067.51,27.08,39.94,1152,5.51,23.35,17232.0,2267.98,5.4,8470.39,34.71,9.11,649.0,570.81,5.44,2309.89,84.89,65.48
63,https://mttmarket.com/users/5443812f0cf24a5c0d7eb35f,Radin,9521.98,18395.23,27917.21,51.76,51.78,3169,5.8,20.29,15611.0,980.88,2.55,16026.51,43.53,40.31,2841.0,315.39,4.73,7489.63,70.59,55.74
65,https://mttmarket.com/users/55bcb12261ccb6022d3d2f10,serjvikt,4746.85,6378.5,11125.35,74.42,57.76,618,10.32,22.49,5216.0,3662.28,6.49,5200.33,20.15,15.35,524.0,486.23,12.11,2148.69,32.69,33.86
66,https://mttmarket.com/users/557aa4a30cf28887159d5511,LEXTER,-153.99,6180.09,6026.1,-2.49,8.23,1066,5.8,21.11,3727.0,3714.44,4.89,5398.93,59.74,29.6,935.0,416.75,5.61,1484.62,50.16,28.31
68,https://mttmarket.com/users/55965ea00cf2d95aabafda28,ignatik,-1722.12,4145.67,2423.55,-41.54,-32.16,847,4.89,17.36,3949.0,3927.7,1.52,-1101.8,3.38,-18.37,621.0,368.3,3.19,-530.22,6.35,-26.8
69,https://mttmarket.com/users/55a1f9200cf2c4481c7a6e6a,Eddy James Kenway,-550.44,3226.4,2675.96,-17.06,-20.64,939,3.44,20.77,3340.0,2634.01,0.99,-504.26,5.01,-15.21,1567.0,291.73,0.96,180.4,24.37,11.96
70,https://mttmarket.com/users/553d9ebe0cf26d1eaea65ebc,Revolver,753.35,3527.4,4280.75,21.36,36.25,377,9.36,16.45,20504.0,786.21,7.7,30732.14,25.78,19.47,1608.0,321.11,9.14,-3388.52,-2.0,-23.05
72,https://mttmarket.com/users/54d749a40cf2d7cefbe6ee80,DMethos,1054.73,5713.04,6767.77,18.46,24.09,1600,3.57,19.25,5177.0,2624.62,1.33,1375.53,31.23,20.03,1752.0,233.69,2.72,1468.47,45.14,30.81
73,https://mttmarket.com/users/5571b9ee0cf25acfc5bf69dc,bozhurin,4385.02,2654.98,7040.0,165.16,173.66,309,8.59,20.06,7031.0,912.51,3.41,6893.64,37.77,28.73,279.0,275.01,7.54,-638.92,-8.27,-30.35
74,https://mttmarket.com/users/5566baa40cf25c1c3c03b109,JuCh,51.66,860.44,912.1,6.0,-1.53,432,1.99,25.0,8987.0,3787.99,0.36,3350.93,40.47,104.52,1817.0,201.78,0.74,679.43,55.05,50.5
75,https://mttmarket.com/users/55d60b5161ccb600922337b5,julshot,543.39,5265.76,5809.15,10.32,15.18,432,12.19,18.98,6799.0,915.9,8.84,19004.65,53.02,31.62,1776.0,214.98,7.55,6784.31,63.28,50.6
80,https://mttmarket.com/users/55e3197c61ccb625c0411cef,matejvslo,-8.25,69.12,60.87,-11.94,20.95,44,1.57,25.0,3099.0,3503.25,0.58,454.73,42.75,25.37,239.0,174.07,0.58,193.33,100.52,138.98
84,https://mttmarket.com/users/5520491c0cf25438259e571c,TSMeister,15330.3,15960.96,31291.26,96.05,91.65,1240,12.87,21.21,7444.0,1645.18,21.62,30420.84,51.59,18.9,1243.0,499.41,9.78,5279.07,35.57,43.41
86,https://mttmarket.com/users/558a9f0f0cf2888715a3d011,srdjaaa,227.78,4118.75,4346.53,5.53,8.93,486,8.47,19.34,1858.0,1282.16,8.52,6479.67,47.18,40.93,780.0,235.31,11.63,1501.08,37.21,16.54
87,https://mttmarket.com/users/5302904e230000510ad703d4,r2r,77079.77,364675.42,441755.19,21.14,22.98,6015,60.63,20.1,13981.0,1540.47,26.54,108701.48,41.76,29.3,1956.0,244.1,60.59,30010.83,20.02,25.32
89,https://mttmarket.com/users/556c52de0cf2a06f7748a51e,ndima,-884.13,7383.93,6499.8,-11.97,-4.79,972,7.6,34.05,13690.0,3479.41,8.27,13183.63,26.6,11.64,828.0,429.9,8.98,1057.7,37.55,14.23
91,https://mttmarket.com/users/5569d34b0cf25c1c3c0449c7,pycckuii,-5151.88,25847.22,20695.34,-19.93,-26.01,1732,14.92,20.5,34829.0,901.62,7.83,10433.74,9.25,3.82,1798.0,585.29,16.3,4701.01,16.65,16.04
92,https://mttmarket.com/users/5554cbf80cf24036f37b657c,JomoIungma,184.17,10919.65,11103.82,1.69,8.94,1004,10.88,21.12,4151.0,980.72,8.77,8846.46,45.5,24.3,1941.0,348.25,11.35,2962.11,32.98,13.45
95,https://mttmarket.com/users/55ba5c9961ccb6004d2bcb6a,ramiawad,6602.52,31800.87,38403.39,20.76,10.29,980,32.45,15.41,9308.0,1250.3,18.27,62501.8,42.69,36.75,1845.0,294.81,31.31,8582.66,25.6,14.86
99,https://mttmarket.com/users/5565d9b30cf25c1c3c037c32,drobish23,202.74,4354.0,4556.74,4.66,9.59,594,7.33,21.04,3945.0,1756.21,2.82,1449.95,39.95,13.04,946.0,259.98,3.72,837.38,28.86,23.78
103,https://mttmarket.com/users/55b7638661ccb60110fb4be8,tomoto,-377.59,7302.3,6924.71,-5.17,3.6,834,8.76,18.23,5049.0,577.54,7.61,-382.58,-179.52,-1.0,2427.0,288.42,8.62,-1988.7,28.65,-9.5
106,https://mttmarket.com/users/544288990cf24a5c0d7e6b4d,punter54,6233.52,19223.89,25457.41,32.43,35.95,2613,7.36,19.02,13864.0,806.21,4.05,22345.62,45.45,39.8,2495.0,322.53,5.42,4121.77,35.2,30.45
112,https://mttmarket.com/users/54b820150cf2ef809ccc81e2,cotondark,-369.14,2450.12,2080.98,-15.07,12.33,335,7.31,14.93,7034.0,1935.65,2.49,5284.81,46.97,30.15,1636.0,400.38,4.34,2510.4,50.3,35.37
122,https://mttmarket.com/users/534d55fe130000cdf036e772,mutnyi_john,5581.63,13359.1,18940.73,41.78,50.18,1429,9.35,18.75,2893.0,1142.41,5.34,10629.16,84.38,68.78,1263.0,370.52,7.37,5940.58,65.08,63.85
123,https://mttmarket.com/users/556d90530cf2a06f774995f6,parfen1111,-298.05,3804.0,3505.95,-7.84,99.77,534,7.12,19.1,4635.0,2870.57,3.92,7245.41,50.76,39.91,590.0,401.96,5.57,-821.51,13.16,-24.98
124,https://mttmarket.com/users/54ba71520cf2ef809cce1700,leo minorrr,1372.31,7339.12,8711.43,18.7,27.02,1390,5.28,18.35,5699.0,4777.76,4.4,9599.58,77.72,38.29,796.0,510.72,3.9,390.76,43.26,12.59
126,https://mttmarket.com/users/533150655200003394a9c5e0,Boogleman,145149.82,182995.1,328144.92,79.32,70.18,1265,144.66,20.32,10879.0,1179.98,57.96,227246.59,54.53,36.04,3702.0,261.47,95.85,60022.89,35.31,16.92
137,https://mttmarket.com/users/55891ffc0cf2888715a32b8e,Bekishev,-43.34,5873.2,5829.86,-0.74,13.57,787,7.46,16.39,1975.0,1345.38,4.23,2058.38,39.49,24.64,1235.0,353.53,4.3,768.45,39.45,14.46
139,https://mttmarket.com/users/541ebfc20cf22953036c82e2,Senheiser,5264.64,17380.5,22645.14,30.29,30.76,2465,7.05,20.61,14167.0,1697.73,3.93,6360.41,24.65,11.42,2440.0,279.51,6.15,5573.73,42.27,37.13
140,https://mttmarket.com/users/5315e9ee2d00005a04ba0b3b,Serik,-1347.84,100189.85,98842.01,-1.35,-1.48,4176,23.99,20.04,7438.0,826.07,15.1,5351.53,14.47,4.76,1673.0,296.46,22.64,-4249.25,-2.23,-11.22
141,https://mttmarket.com/users/55c8cabb61ccb60c8eaf4748,douglas,1489.41,3428.6,4918.01,43.44,46.88,562,6.1,19.93,1677.0,2036.99,5.34,2496.46,26.7,27.86,1052.0,360.71,5.44,2774.49,53.11,48.51
142,https://mttmarket.com/users/536e0f9e0cf2c15ecd6feb06,robi,6447.61,41972.75,48420.36,15.36,24.15,2226,18.86,23.0,15448.0,1393.8,11.78,42370.37,40.12,23.29,1818.0,492.87,16.06,8100.06,48.05,27.75
144,https://mttmarket.com/users/537b32d00cf2c8120d3e0cbf,drunkym0nkey,13911.96,54189.38,68101.34,25.67,30.28,4513,12.01,20.1,6306.0,1605.68,7.43,17578.6,56.91,37.51,2119.0,434.15,10.79,7394.56,31.28,32.35
147,https://mttmarket.com/users/54e1bc920cf2d7cefd0a5e78,RaulandTotti,-312.07,1229.23,917.16,-25.39,-30.65,613,2.01,17.29,5812.0,720.96,1.16,369.85,25.09,5.47,946.0,94.74,0.76,137.49,24.02,19.13
151,https://mttmarket.com/users/5457f2620cf24a5c0d853d24,Glewellin17,389.45,19809.09,20198.54,1.97,18.63,2481,7.98,15.28,7114.0,723.25,4.4,-711.88,11.27,-2.27,2307.0,341.22,7.35,221.71,15.8,1.31
152,https://mttmarket.com/users/55645da20cf25c1c3c0328bd,helios,371.83,7816.32,8188.15,4.76,23.59,851,9.18,26.67,1335.0,2538.85,4.35,2547.42,18.48,43.83,453.0,200.56,7.89,892.51,36.59,24.96
158,https://mttmarket.com/users/5541109c0cf2bb0785a1c6c3,prozhektorp,-3704.83,9312.47,5607.64,-39.78,-36.32,730,12.76,24.25,4243.0,4301.83,8.66,7145.1,45.27,19.45,692.0,285.98,7.01,2990.0,114.48,61.63
160,https://mttmarket.com/users/53764f6b0cf2c8120d3d4e7f,amanskiy,1567.92,6258.32,7826.24,25.05,24.52,524,11.94,20.61,4929.0,2115.25,13.5,2412.7,36.58,3.63,1316.0,500.65,15.03,3266.08,37.14,16.51
162,https://mttmarket.com/users/5535460f0cf26d1eaea4774e,SkyWorker,-1925.73,17187.82,15262.09,-11.2,-5.37,718,23.94,22.14,9640.0,1134.94,16.82,16296.12,29.04,10.05,1291.0,330.8,15.32,3550.39,27.23,17.95
163,https://mttmarket.com/users/53b101050cf2c8120d45c58c,rusxxxx,5887.42,39678.12,45565.54,14.84,14.88,2920,13.59,25.92,52720.0,2221.7,10.17,114871.96,27.01,21.43,3542.0,385.76,14.09,18249.07,56.03,36.57
166,https://mttmarket.com/users/53c6427b0cf25b8ee9711c18,stav_nuts,7265.26,45442.76,52708.02,15.99,20.13,3028,15.01,19.02,9748.0,958.95,6.83,10154.64,31.7,15.25,3191.0,280.53,11.9,1553.91,11.87,4.09
167,https://mttmarket.com/users/54c80ece0cf266f63902a6a8,antif,8191.76,18285.6,26477.36,44.8,61.56,890,20.55,20.45,14550.0,1883.54,11.92,70684.0,57.55,40.76,2649.0,303.91,15.1,22255.41,80.25,55.62
168,https://mttmarket.com/users/55cd320361ccb60bf5ef534f,sergey260594,2500.92,3126.0,5626.92,80.0,107.09,573,5.46,22.69,5808.0,2227.75,2.97,2750.71,25.83,15.97,1583.0,337.78,3.72,1260.51,23.62,21.43
169,https://mttmarket.com/users/55c97e2661ccb60e9b80cf37,shurik389,2959.12,223.6,3182.72,1323.4,3709.26,15,14.91,26.67,9408.0,3412.79,3.32,5676.78,14.47,18.16,1808.0,322.05,4.01,-2783.83,-4.59,-38.43
170,https://mttmarket.com/users/5575d3e10cf28887159c3817,Scombat,-346.02,4667.3,4321.28,-7.41,14.58,960,4.86,21.46,7127.0,3991.61,10.01,27014.29,29.53,37.86,628.0,528.8,6.21,1638.69,60.4,42.0
172,https://mttmarket.com/users/55da8f8161ccb60b3ded5bab,filki,-228.84,880.09,651.25,-26.0,-32.22,150,5.87,19.33,4693.0,968.0,2.58,1908.52,48.11,15.78,1440.0,334.4,3.27,828.13,37.36,17.6
175,https://mttmarket.com/users/536e2e620cf2586a08501922,FILTH,-84.9,11828.91,11744.01,-0.72,11.03,1200,9.86,21.92,22250.0,3196.88,7.6,35098.14,53.07,20.75,1126.0,439.42,8.09,152.11,12.35,1.67
177,https://mttmarket.com/users/55b78f3861ccb600db439570,bean paul,-251.12,3163.4,2912.28,-7.94,1.15,589,5.37,22.24,6675.0,2532.8,4.58,6197.66,43.4,20.27,1992.0,194.29,2.67,-516.82,21.1,-9.72
183,https://mttmarket.com/users/54750a910cf24a5c0d8cc19e,ChckMate,12893.11,171166.83,184059.94,7.53,20.21,2647,64.66,17.64,5238.0,802.86,31.78,40715.11,41.78,24.46,3505.0,249.27,36.83,46582.27,41.72,36.09
184,https://mttmarket.com/users/555a30660cf2820a8e3c6366,antey2710,175.22,320.35,495.57,54.7,113.21,90,3.56,24.44,3840.0,403.1,0.59,617.71,16.15,27.44,447.0,182.47,1.28,482.06,63.57,84.26
185,https://mttmarket.com/users/5488f9b60cf298ccc7db3084,PinkZebra,1295.85,53517.87,54813.72,2.42,14.65,4671,11.46,14.47,7084.0,1842.21,7.07,7711.2,28.81,15.41,3545.0,412.78,9.09,8130.34,30.62,25.24
186,https://mttmarket.com/users/53f5b7580cf22953035ff48c,dAmAzAN,2200.79,6860.37,9061.16,32.08,50.99,1309,5.24,20.32,19618.0,524.33,1.69,9435.02,43.94,28.4,6798.0,146.02,1.84,5437.19,64.09,43.36
188,https://mttmarket.com/users/55a48e920cf2c4481c7b39fb,DuxeTUT,-407.68,3570.3,3162.62,-11.42,-10.06,667,5.35,18.59,7133.0,2976.52,1.98,1504.84,27.3,10.66,1180.0,426.83,3.22,2136.89,65.0,56.16
191,https://mttmarket.com/users/55c687a461ccb6061a9178f2,spektre,-183.87,2219.9,2036.03,-8.28,6.09,418,5.31,19.38,4973.0,2051.5,2.09,8934.61,48.98,85.76,1570.0,274.66,2.47,-112.06,15.49,-2.89
199,https://mttmarket.com/users/555b7b380cf2820a8e3ca7e5,AndrewAndrew,2868.34,6711.59,9579.93,42.74,25.56,809,8.3,19.53,7721.0,1214.46,5.56,8301.15,26.56,19.32,3053.0,311.2,8.18,2632.45,33.69,10.54
202,https://mttmarket.com/users/558597c50cf2888715a16f85,SlavaSnigirev,619.07,2030.2,2649.27,30.49,34.5,507,4.0,19.13,2999.0,4481.59,1.19,1190.36,41.93,33.44,970.0,243.34,2.26,1166.28,74.43,53.28
203,https://mttmarket.com/users/5587073c0cf2888715a24de1,ATATA_R0MK0,807.55,3856.8,4664.35,20.94,19.8,848,4.55,17.57,1506.0,1262.73,4.5,1958.1,39.14,28.88,1145.0,302.04,4.44,922.01,27.13,18.13
205,https://mttmarket.com/users/548484760cf24a5c0d9147ac,Bikk87,2885.27,11832.62,14717.89,24.38,19.86,1339,8.84,19.42,10895.0,1172.63,5.35,21874.88,55.83,37.5,2233.0,217.85,7.27,7449.65,61.56,45.91
206,https://mttmarket.com/users/554333e00cf2bb0785a20215,callmarrr,-315.56,5085.09,4769.53,-6.21,40.34,912,5.58,22.04,4802.0,1418.67,4.35,8519.56,66.82,40.76,746.0,426.29,4.5,-30.63,29.14,-0.91
212,https://mttmarket.com/users/559d22600cf2d95aabb25301,Daddygame23,981.98,3081.2,4063.18,31.87,50.73,622,4.95,18.97,12619.0,1864.09,3.36,12879.91,52.96,30.38,1362.0,239.97,2.83,2117.66,76.48,54.97
214,https://mttmarket.com/users/55673e9d0cf25c1c3c03cee9,multison375,-250.02,9529.5,9279.48,-2.62,-8.77,1343,7.1,24.27,18504.0,2763.87,4.34,26221.39,51.82,32.65,524.0,574.14,6.11,843.04,36.64,26.31
216,https://mttmarket.com/users/54514df80cf24a5c0d830bce,MikleD,4857.55,58340.4,63197.95,8.33,8.03,2927,19.93,23.23,12885.0,843.79,8.12,26026.8,54.06,24.88,3817.0,246.13,12.79,15865.66,39.98,32.51
217,https://mttmarket.com/users/5565922f0cf25c1c3c0366c2,Lykov_1988,-1442.87,4179.9,2737.03,-34.52,-31.96,360,11.61,24.17,2335.0,340.72,5.84,12376.22,150.82,90.75,1042.0,261.21,7.1,8713.76,200.19,117.82
218,https://mttmarket.com/users/55de63d761ccb615db2fdcae,chur,-289.35,5615.3,5325.95,-5.15,-25.27,320,17.55,25.0,3180.0,1260.9,12.09,8710.31,75.29,22.66,622.0,312.91,9.31,1281.58,40.02,22.12
222,https://mttmarket.com/users/531082eb4700008946dc9eed,Ugin,11446.79,131997.27,143444.06,8.67,17.1,3839,34.38,17.82,22959.0,563.04,8.13,34060.35,30.2,18.24,1633.0,255.27,39.23,3214.34,30.39,5.02
223,https://mttmarket.com/users/553415b80cf26d1eaea430c8,streln,213.59,5537.59,5751.18,3.86,30.16,1345,4.12,22.6,15775.0,821.49,1.5,3934.22,26.95,16.62,1316.0,314.79,2.71,-200.01,14.61,-5.6
231,https://mttmarket.com/users/55dae70161ccb60bf049cfe8,analyser,-10.98,113.6,102.62,-9.67,-29.25,8,14.2,25.0,78793.0,1041.42,11.85,99123.56,17.62,10.62,1550.0,235.51,5.73,4321.18,60.6,48.63
233,https://mttmarket.com/users/54a2c3b80cf23c2fa9bd70b9,deezder,-3114.18,58289.22,55175.04,-5.34,0.42,2328,25.04,16.24,8727.0,1879.42,21.36,18313.84,26.49,9.83,2012.0,354.21,22.42,2832.94,17.92,6.28
244,https://mttmarket.com/users/5451f3500cf24a5c0d832fd7,DNesteruk,-754.21,21746.21,20992.0,-3.47,6.15,635,34.25,32.76,8014.0,1336.44,16.08,48418.99,46.38,37.57,819.0,412.52,28.18,11332.11,66.56,49.1
247,https://mttmarket.com/users/553a57cb0cf26d1eaea5d96e,PlayAndPray,-365.9,4629.86,4263.96,-7.9,-5.21,779,5.94,20.54,15107.0,512.08,1.25,2278.18,37.65,12.06,3858.0,104.95,1.18,504.16,39.18,11.05
251,https://mttmarket.com/users/555f83450cf25c1c3c024b9b,Johnsonsb4be,5566.98,18198.9,23765.88,30.59,43.55,1823,9.98,17.83,14837.0,647.24,2.95,13241.15,40.8,30.24,5050.0,215.1,3.12,5980.27,57.83,37.93
255,https://mttmarket.com/users/545a17d80cf24a5c0d85cf63,gunning4you,2162.54,32499.51,34662.05,6.65,18.24,2677,12.14,18.9,7079.0,2365.11,8.73,11116.66,50.44,17.99,2711.0,412.55,11.01,5060.98,34.7,16.95
260,https://mttmarket.com/users/556eca530cf2a06f774a83c6,craz1fan,-854.64,24526.47,23671.83,-3.48,-0.42,1173,20.91,16.37,4232.0,327.89,20.04,17369.23,41.98,20.48,3153.0,198.61,20.14,11586.39,33.4,18.24
268,https://mttmarket.com/users/53b17f950cf2c8120d45dbb2,Dartuha,477.71,5008.47,5486.18,9.54,24.46,924,5.42,18.4,11890.0,1407.26,2.02,1047.46,26.61,4.37,1614.0,232.31,3.73,757.79,43.53,12.59
276,https://mttmarket.com/users/545440e10cf24a5c0d83e873,MoWeR,3209.42,10072.04,13281.46,31.86,32.59,973,10.35,18.81,14759.0,2273.98,9.97,61197.51,63.62,41.57,2768.0,325.11,7.96,18012.31,123.37,81.75
277,https://mttmarket.com/users/54ea5a5c0cf25ca3c45fa5fb,sNap364,-850.0,850.0,0.0,0.0,-100.0,3,283.33,0.0,7471.0,1540.98,8.44,28123.74,68.19,44.59,1161.0,349.56,24.22,18701.8,62.53,66.51
280,https://mttmarket.com/users/558ef0fb0cf2888715a56253,mephisto,759.36,8386.19,9145.55,9.05,16.92,1020,8.22,19.31,2184.0,2166.77,7.88,5478.14,21.74,31.83,1090.0,484.62,9.75,2407.3,42.39,22.65
298,https://mttmarket.com/users/545871e80cf24a5c0d855c6d,BPNVolhv,8964.54,19332.75,28297.29,46.37,58.24,2046,9.45,20.92,6157.0,2537.6,7.37,9249.78,32.27,20.38,1791.0,447.19,8.82,6283.7,40.99,39.76
304,https://mttmarket.com/users/556cbc150cf2a06f7748d44a,Jonny_Rixter,1115.15,3855.3,4970.45,28.93,40.32,671,5.75,20.27,1810.0,2457.2,4.0,3513.07,60.71,48.56,1013.0,345.66,4.5,652.34,26.61,14.31
321,https://mttmarket.com/users/556490cf0cf25c1c3c0335ce,Arkalis,394.96,2961.87,3356.83,13.33,23.15,592,5.0,17.06,3878.0,1447.55,2.09,1611.42,36.5,19.93,1583.0,371.29,3.11,654.81,47.55,13.29
342,https://mttmarket.com/users/555b213d0cf2820a8e3c88e0,MTIMachine,260.8,1052.65,1313.45,24.78,86.48,232,4.54,18.97,3132.0,1902.89,1.41,1971.52,46.05,44.71,512.0,231.21,1.6,176.45,25.34,21.49
345,https://mttmarket.com/users/55c30f0961ccb601822713c4,mogican99,-4800.68,7978.48,3177.8,-60.17,11.55,815,9.79,21.47,15536.0,1439.18,1.45,7033.07,51.05,31.19,1679.0,241.67,2.38,1784.54,40.31,44.72
349,https://mttmarket.com/users/553850840cf26d1eaea58063,stardust85,-1330.87,3855.22,2524.35,-34.52,-39.76,290,13.29,16.9,7096.0,947.85,4.08,5603.19,39.8,19.35,844.0,308.44,4.93,154.54,38.82,3.72
351,https://mttmarket.com/users/537e21850cf2c8120d3e893b,NIPk89,-511.48,5408.0,4896.52,-9.46,-6.74,601,9.0,18.47,3719.0,2573.63,6.5,6793.92,45.43,28.09,640.0,328.63,10.04,5124.49,40.13,79.74
375,https://mttmarket.com/users/5538b38a0cf26d1eaea58b80,danissimovip,38552.32,39084.72,77637.04,98.64,38.34,1680,23.26,20.06,14517.0,2685.09,15.68,102920.33,60.91,45.22,1571.0,477.03,23.95,19514.73,54.93,51.86
378,https://mttmarket.com/users/55a247f30cf2c4481c7a7c1b,sulfajjj,7356.28,2040.7,9396.98,360.48,447.16,156,13.08,24.36,1180.0,2882.77,3.35,7909.64,105.39,199.93,490.0,325.66,3.56,1104.85,110.39,63.36
379,https://mttmarket.com/users/55b7b12961ccb6019f64f481,igor791,-243.54,566.5,322.96,-42.99,-20.66,167,3.39,21.56,3272.0,1476.97,1.74,1879.4,50.36,33.07,608.0,233.37,1.57,115.94,38.34,12.12
380,https://mttmarket.com/users/54e1f4000cf2aad4ad05324d,sabakabarabaka63,2833.49,26721.5,29554.99,10.6,13.16,2038,13.11,17.62,13034.0,1122.7,31.92,101208.03,24.99,24.33,2905.0,205.08,9.96,7918.02,34.9,27.36
384,https://mttmarket.com/users/557b28d80cf28887159d80b5,KOHb_blr,3546.13,4636.35,8182.48,76.49,91.76,539,8.6,24.68,23744.0,1779.62,5.45,22565.73,38.37,17.44,2861.0,394.2,7.53,9041.27,74.11,41.99
396,https://mttmarket.com/users/537318450cf2c8120d3cc289,O_o link,6919.72,13401.1,20320.82,51.64,51.43,1919,6.98,21.57,7437.0,2283.84,3.16,8990.49,44.29,38.23,1938.0,308.2,4.07,1192.11,26.81,15.1
398,https://mttmarket.com/users/53a6d1900cf2c8120d4433e7,OutOfControl,-160.3,353.95,193.65,-45.29,-38.73,92,3.85,25.0,299.0,1888.43,1.09,-135.55,-19.11,-41.53,155.0,166.24,0.76,-82.94,-14.97,-69.99
409,https://mttmarket.com/users/537e07290cf2c8120d3e8216,kanelbdoncku,4228.92,8812.83,13041.75,47.99,85.42,1237,7.12,23.36,10006.0,1513.98,6.43,28383.79,56.9,44.11,990.0,264.06,6.7,3227.21,61.44,48.67
411,https://mttmarket.com/users/55ba6abe61ccb6003b3148f1,elmisantropo,85.11,202.45,287.56,42.04,-27.31,58,3.49,27.59,15368.0,653.54,2.79,-146.61,0.25,-0.34,790.0,185.82,1.04,-297.41,-23.17,-36.05
417,https://mttmarket.com/users/52b58ec63800004311d835ed,KAMSHULER,2761.96,177703.88,180465.84,1.55,14.09,4919,36.13,18.05,17963.0,1099.05,12.79,63099.8,48.75,27.47,3643.0,288.51,28.32,7131.05,19.41,6.91
436,https://mttmarket.com/users/549da30f0cf23c3abe0cbd63,Ckopo6oraTbIu,-1257.18,12974.41,11717.23,-9.69,16.05,1135,11.43,21.06,12200.0,2539.24,6.74,11254.5,32.92,13.68,1953.0,336.79,10.02,-21.52,36.92,-0.11
445,https://mttmarket.com/users/54ba43710cf2ef809cce0018,APE66,2326.83,8265.42,10592.25,28.15,40.03,1564,5.28,23.08,21032.0,1921.2,2.45,8552.43,28.42,16.57,1817.0,280.91,3.38,2992.89,59.36,48.79
455,https://mttmarket.com/users/55379e770cf26d1eaea5528c,dieselamq,3007.23,19022.47,22029.7,15.81,16.39,2283,8.33,19.75,9148.0,777.4,4.81,5218.03,23.0,11.86,1682.0,405.44,7.81,6069.65,60.56,46.21
469,https://mttmarket.com/users/53dcb1860cf2295303595b65,Naneeck,9585.48,43865.9,53451.38,21.85,30.07,3181,13.79,15.91,6716.0,2231.88,9.14,21000.38,54.14,34.21,2003.0,334.07,12.74,10302.33,70.85,40.36
478,https://mttmarket.com/users/53dbaf830cf2295303592036,Bectolo4,35285.97,58848.58,94134.55,59.96,76.89,2425,24.27,19.18,14106.0,1560.08,8.82,70214.1,57.43,56.43,1345.0,412.81,20.7,11493.44,63.48,41.29
481,https://mttmarket.com/users/557aae350cf28887159d57f2,Tarh,9316.78,3584.04,12900.82,259.95,223.67,358,10.01,17.04,3700.0,2069.98,2.57,15374.7,98.91,161.49,529.0,409.86,7.38,963.07,34.79,24.68
521,https://mttmarket.com/users/551dc33d0cf25438259dbfc8,Hobbit-hole,800.3,1195.85,1996.15,66.92,67.29,143,8.36,23.78,5398.0,2665.5,3.93,2471.92,68.41,11.66,674.0,409.27,4.53,1760.52,51.54,57.72
523,https://mttmarket.com/users/555b5ba60cf2820a8e3c9cca,luckyvad,100.7,349.79,450.49,28.79,28.66,45,7.77,28.89,2153.0,1050.07,3.58,2599.11,47.46,33.75,261.0,252.2,3.3,163.41,46.3,18.98
565,https://mttmarket.com/users/5424bde20cf22953036f7c3a,Aleks13,4879.27,35555.48,40434.75,13.72,25.47,2036,17.46,15.42,8561.0,326.11,9.31,35566.59,62.75,44.65,2432.0,255.12,13.3,4682.21,19.79,14.48
599,https://mttmarket.com/users/5377d9fd0cf2c8120d3d8aa1,fwd2dreams,4318.54,58059.85,62378.39,7.44,20.58,1513,38.37,23.86,15188.0,1587.06,15.43,70252.24,26.93,29.98,2596.0,362.17,28.52,33639.2,28.33,45.43
608,https://mttmarket.com/users/54c9e1b30cf23c4942907efc,lackerboyzz,-536.21,952.78,416.57,-56.28,-43.08,183,5.21,14.75,4397.0,3637.52,3.16,1541.66,1.07,11.09,302.0,300.46,4.17,-767.29,-28.57,-60.96
632,https://mttmarket.com/users/55ae277361ccb6000f1fa24f,tuuuhuurbboooo,232.52,2018.13,2250.65,11.52,62.56,216,9.34,23.15,6907.0,1121.96,4.72,1895.82,25.9,5.82,2089.0,324.92,4.99,1446.19,26.94,13.87
647,https://mttmarket.com/users/5561d9110cf25c1c3c02ae8c,gertman0,289.17,3405.06,3694.23,8.49,-10.9,288,11.82,22.57,2526.0,3282.89,13.03,9546.45,11.72,29.01,597.0,562.69,13.89,-1848.52,-15.2,-22.3
709,https://mttmarket.com/users/5378a5e90cf2c8120d3da7f6,mAKr0FF,8610.25,13670.19,22280.44,62.99,73.66,2448,5.58,26.8,54500.0,274.53,1.83,49022.81,55.74,49.06,5689.0,143.16,2.15,8606.15,70.09,70.33
719,https://mttmarket.com/users/54adae5b0cf281e421134183,saffron94,-669.28,2484.94,1815.66,-26.93,-27.54,693,3.59,14.72,5586.0,2340.61,1.82,1091.51,12.98,10.73,1152.0,227.34,2.29,-176.4,4.6,-6.69
732,https://mttmarket.com/users/54a6a4990cf23c2fa9beac02,Denfcb,273.38,10165.11,10438.49,2.69,12.45,996,10.21,24.5,8788.0,1361.57,4.23,25662.15,82.06,69.08,512.0,513.67,9.15,4602.58,131.47,98.25
759,https://mttmarket.com/users/551a4fff0cf2f194a94c870a,bluecheek,4069.16,20917.74,24986.9,19.45,-3.77,249,84.01,14.06,8597.0,1303.61,26.72,112857.82,61.18,49.12,1562.0,265.73,39.69,17265.03,35.88,27.85
771,https://mttmarket.com/users/53cfdb340cf25b8ee973216b,ZheksOWN,2370.93,37840.75,40211.68,6.27,15.3,2950,12.83,21.32,5531.0,3608.53,8.5,15337.85,33.74,32.62,1084.0,468.04,9.74,1869.12,30.83,17.71
777,https://mttmarket.com/users/54f6563f0cf22b77804a3f4e,h0aX,845.9,3981.94,4827.84,21.24,66.74,312,12.76,21.47,1067.0,275.43,4.49,3809.16,129.54,79.58,870.0,217.59,4.79,3218.47,106.97,77.21
785,https://mttmarket.com/users/54e6f9700cf2d977cd2da8df,Sergio1306,2990.45,11265.83,14256.28,26.54,40.24,782,14.41,22.12,22175.0,1366.83,17.6,75539.14,26.35,19.35,2158.0,435.98,13.35,3701.7,36.04,12.85
825,https://mttmarket.com/users/552a17e30cf2d767e8af9f59,ALLiBaba,464.66,1748.13,2212.79,26.58,-1.59,220,7.95,18.18,3486.0,1803.52,2.1,6126.52,54.08,83.53,767.0,136.47,1.33,-549.83,7.85,-53.76
848,https://mttmarket.com/users/53aeab830cf2c8120d4571cf,ZhenyaYu,-2834.09,9475.01,6640.92,-29.91,-28.98,797,11.89,19.32,4394.0,2316.61,5.73,4070.98,21.61,16.18,987.0,307.18,6.89,-635.57,-8.36,-9.34
849,https://mttmarket.com/users/53f397340cf22953035f52fd,Viator,13470.63,38582.12,52052.75,34.91,29.98,2691,14.34,17.35,9814.0,395.15,8.01,27510.1,26.2,34.99,2456.0,237.82,13.54,14339.96,38.07,43.12
872,https://mttmarket.com/users/54e375870cf2aad4ad30861c,iLisiy,1717.88,6280.39,7998.27,27.35,8.99,734,8.56,15.94,3451.0,1554.26,7.35,13427.89,145.11,52.91,761.0,468.51,5.23,2291.82,220.06,57.54
874,https://mttmarket.com/users/54d2118a0cf2d7cefb599cf0,DuelAnt,-464.31,734.8,270.49,-63.19,-51.03,107,6.87,13.08,968.0,2076.21,2.5,266.01,31.44,10.99,449.0,249.59,2.47,-87.45,17.52,-7.9
883,https://mttmarket.com/users/53c8e4970cf25b8ee971a85f,Kventin92,9232.1,14580.23,23812.33,63.32,61.57,1476,9.88,26.22,3655.0,2170.42,3.81,14380.83,134.04,103.32,1245.0,285.93,6.85,8530.91,120.14,100.05
895,https://mttmarket.com/users/52e064503f00002508df4921,Nau,14310.8,205626.93,219937.73,6.96,25.3,3922,52.43,16.68,5517.0,1782.67,29.74,45679.21,59.31,27.84,1199.0,440.5,31.46,1556.92,23.05,4.13
911,https://mttmarket.com/users/558186ce0cf28887159f580f,doslan,126.49,404.14,530.63,31.3,73.03,88,4.59,30.68,8528.0,988.22,0.99,1766.51,27.34,21.02,5432.0,110.37,0.77,667.3,20.54,15.99
934,https://mttmarket.com/users/5304c1b22300007427d704a4,ELKY,4259.25,46753.76,51013.01,9.11,8.45,2306,20.27,21.16,7756.0,408.89,16.78,45417.66,50.76,34.91,857.0,275.97,17.34,-308.41,3.05,-2.08
939,https://mttmarket.com/users/53ab16ae0cf2c8120d44e1bd,Macho,14890.96,100011.48,114902.44,14.89,27.2,4206,23.78,19.45,13093.0,1508.8,18.07,64957.87,44.31,27.45,2476.0,276.72,24.16,15409.2,32.08,25.76
942,https://mttmarket.com/users/530d8985470000201edc9d7a,Ovcharman,656.69,129806.45,130463.14,0.51,8.53,4973,26.1,20.59,7832.0,1027.68,16.21,10400.08,20.45,8.19,2326.0,294.43,25.11,3120.64,8.81,5.34
944,https://mttmarket.com/users/54beebf70cf25777584cbfbb,CasualCase!!,4143.19,8070.2,12213.39,51.34,52.37,1650,4.89,24.73,3721.0,971.61,2.19,4345.73,45.64,53.36,2151.0,190.48,2.64,1892.44,47.13,33.3
948,https://mttmarket.com/users/54d173700cf2d7cefb491e41,fishsif,2239.77,3729.83,5969.6,60.05,108.63,460,8.11,26.09,7743.0,2841.97,5.11,6238.64,36.67,15.76,489.0,528.52,6.0,-21.5,1.37,-0.73
950,https://mttmarket.com/users/5372770a0cf2c8120d3cab55,AlexVoz,-215.68,1138.17,922.49,-18.95,-24.37,178,6.39,18.54,4406.0,2908.32,3.18,5117.87,39.14,36.51,1175.0,227.29,1.79,666.12,44.44,31.61
955,https://mttmarket.com/users/53a80f6b0cf2c8120d44639c,F1bonach1,3858.79,180636.79,184495.58,2.14,14.77,6213,29.07,16.5,25898.0,759.81,8.99,40037.13,22.74,17.2,4875.0,324.39,23.55,7719.85,9.77,6.72
965,https://mttmarket.com/users/548acb060cf298ccc7dbd801,DJonik777,8565.37,29993.42,38558.79,28.56,31.2,2347,12.78,19.13,9683.0,1597.22,7.04,43058.37,76.75,63.17,1493.0,377.41,12.25,5642.56,48.76,30.85
996,https://mttmarket.com/users/5373fb2c0cf2c8120d3cf225,Aps,13993.95,148025.86,162019.81,9.45,16.04,3202,46.23,18.3,11341.0,875.61,19.06,53397.3,32.4,24.7,2481.0,322.25,38.76,27568.34,33.46,28.67
1000,https://mttmarket.com/users/5436d0a20cf2c31f2c2961a8,hichnick777,20962.24,40783.51,61745.75,51.4,70.78,2534,16.09,18.67,13208.0,1996.08,6.36,33189.15,41.7,39.53,2622.0,273.47,8.0,6719.45,64.6,32.02
1020,https://mttmarket.com/users/52c9445d5100007894d8954b,samorodok,24446.87,153110.4,177557.27,15.97,22.89,5569,27.49,19.3,11994.0,1651.13,22.01,41645.87,29.08,15.77,3225.0,269.22,26.25,23085.47,40.09,27.27
1025,https://mttmarket.com/users/531e1cea4a00008c3e9547d6,zinka,83526.1,306059.34,389585.44,27.29,19.38,4875,62.78,14.77,22937.0,1255.09,45.61,120112.75,21.56,11.48,2553.0,423.4,71.76,9527.91,16.87,5.2
1033,https://mttmarket.com/users/54587c6e0cf24a5c0d8565a8,sfx,-2026.5,6218.3,4191.8,-32.59,-22.21,791,7.86,19.47,11710.0,1509.5,6.97,16307.8,44.54,19.98,957.0,356.38,6.89,-1574.65,-6.19,-23.88
1036,https://mttmarket.com/users/54b503f40cf29effd95bbfc4,syleiman1990,-1078.49,6560.4,5481.91,-16.44,37.08,121,54.22,19.01,18917.0,1815.45,11.62,62333.26,52.03,28.35,2536.0,441.95,17.64,15860.45,51.55,35.45
1041,https://mttmarket.com/users/552be7140cf26d1eaea2a50e,IwantMLN.,-793.15,1561.73,768.58,-50.79,-31.35,276,5.66,16.67,1226.0,2442.29,4.85,-495.18,-11.72,-8.34,533.0,492.93,6.01,682.9,22.68,21.32
1047,https://mttmarket.com/users/54a172e20cf265030b7fbc46,Shak,17628.0,9202.0,26830.0,191.57,367.22,48,191.71,20.83,10733.0,3782.88,22.0,33678.91,31.03,14.27,1571.0,533.56,43.9,18561.7,32.63,26.92
1077,https://mttmarket.com/users/55509f4d0cf2c149aa1ee093,hARdGAMING,1538.43,6589.73,8128.16,23.35,43.24,292,22.57,29.45,9378.0,1678.56,5.79,14458.33,52.33,26.64,1072.0,446.75,12.31,3336.1,68.52,25.28
1121,https://mttmarket.com/users/543fff170cf24a5c0d7d83c6,Evdik,-105.28,484.0,378.72,-21.75,-22.97,110,4.4,29.09,1802.0,2435.55,2.32,-904.96,10.75,-21.64,388.0,175.49,2.01,117.18,41.34,14.99
1126,https://mttmarket.com/users/54d3e8450cf2d7cefb8b4163,Urrr86,5716.93,19728.78,25445.71,28.98,20.76,1201,16.43,25.23,7063.0,2269.55,9.81,16267.62,45.18,23.49,1320.0,471.08,17.46,4898.65,32.18,21.25
1228,https://mttmarket.com/users/5454b56e0cf24a5c0d840614,codename137,-831.78,7989.43,7157.65,-10.41,7.08,759,10.53,15.94,4844.0,2546.78,4.98,18899.5,134.76,78.31,851.0,363.96,7.78,3518.69,137.71,53.11
1232,https://mttmarket.com/users/545d968e0cf24a5c0d86a461,abram4ik,1256.76,3058.02,4314.78,41.1,42.56,472,6.48,20.55,10434.0,1509.03,2.06,9076.15,64.22,42.21,1194.0,415.04,4.05,2754.0,71.68,57.0
1240,https://mttmarket.com/users/54b3c3330cf21d14c0a8a602,DeZauZeR,8231.13,17366.62,25597.75,47.4,46.5,1271,13.66,20.93,5202.0,906.49,10.8,30955.86,59.77,55.09,3299.0,231.46,13.25,27302.57,83.33,62.45
1288,https://mttmarket.com/users/5518749c0cf2f194a94bfb1c,epicretroll,-5129.41,7700.53,2571.12,-66.61,-60.9,159,48.43,16.35,6902.0,875.59,12.02,38537.52,78.36,46.46,1098.0,419.7,19.87,2701.92,52.78,12.39
1316,https://mttmarket.com/users/54345ab40cf2c31f2c28b568,Sidius,-2078.23,8703.13,6624.9,-23.88,-4.15,1067,8.16,12.56,5954.0,1698.8,3.46,4433.48,46.51,21.51,1704.0,327.26,5.75,2284.11,38.34,23.31
1350,https://mttmarket.com/users/54e338cc0cf2aad4ad29a4d6,MypaBey,254.9,16921.41,17176.31,1.51,16.15,655,25.83,20.31,16250.0,908.2,19.26,105128.93,50.84,33.58,1833.0,374.45,17.04,3755.27,27.04,12.02
1365,https://mttmarket.com/users/5457de8a0cf24a5c0d8537e6,1cebreaker,-1221.22,9795.68,8574.46,-12.47,-14.47,1057,9.27,16.65,6074.0,2760.05,5.62,3190.62,27.71,9.35,1000.0,492.01,7.35,131.58,10.41,1.79
1413,https://mttmarket.com/users/530f3eab4700004638dc9e4d,ouch,5632.17,105695.4,111327.57,5.33,24.9,4433,23.84,18.07,11596.0,1476.06,12.5,34648.35,43.53,23.91,1736.0,337.64,15.87,3643.47,21.34,13.23
1424,https://mttmarket.com/users/5498cdab0cf23c3abe0b517b,denmarina,-147.06,3737.2,3590.14,-3.94,-1.84,472,7.92,17.37,1979.0,900.6,3.78,2134.04,43.17,28.52,1746.0,247.76,3.68,2089.82,43.13,32.54
1476,https://mttmarket.com/users/52d959a82400002a59fc3273,Flat,-5011.35,22968.0,17956.65,-21.82,-8.07,89,258.07,24.72,23189.0,1493.58,58.27,266344.93,49.59,19.71,1660.0,352.94,155.24,38465.83,23.53,14.93
1479,https://mttmarket.com/users/53f4ad310cf22953035fa2a0,SHERIFFmd,739.47,31695.21,32434.68,2.33,11.33,638,49.68,17.87,4843.0,1226.53,28.78,67837.58,72.81,48.68,1008.0,284.5,34.78,40793.35,80.59,116.36
1509,https://mttmarket.com/users/52b48cb8380000af00d83545,AntonTaranov,-21597.6,80881.4,59283.8,-26.7,-18.04,1664,48.61,14.36,8016.0,1898.43,36.35,15710.09,30.71,5.39,541.0,434.98,30.35,-7827.8,-34.72,-47.67
1569,https://mttmarket.com/users/536f69800cf2a0fa0d4533c9,IwentworthI,-9309.45,16315.0,7005.55,-57.06,-58.01,106,153.92,12.26,19121.0,2300.4,24.15,102989.72,43.0,22.3,2499.0,361.1,60.5,54815.14,34.68,36.26
1573,https://mttmarket.com/users/54bff7970cf2b976e1b27ec3,CrazyPoka,5537.17,2584.6,8121.77,214.24,285.3,367,7.04,19.07,16150.0,3777.11,7.82,60765.01,62.14,48.14,561.0,605.51,5.27,55.98,15.63,1.89
1624,https://mttmarket.com/users/532dca89520000b75fa9c556,celtic85182,7918.61,35773.74,43692.35,22.14,20.99,2519,14.2,26.88,7822.0,2273.61,9.78,21176.11,32.51,27.69,607.0,425.52,11.44,-1212.07,-7.03,-17.45
1675,https://mttmarket.com/users/537659e30cf2c8120d3d5029,Pavlentiy,3580.0,942.0,4522.0,380.04,380.42,4,235.5,50.0,4885.0,2324.02,11.93,26752.02,29.08,45.92,1458.0,85.1,20.74,22913.51,33.9,75.76
1679,https://mttmarket.com/users/54bee7430cf25777584cbe6f,sxxx87,-983.3,5923.04,4939.74,-16.6,-9.33,344,17.22,18.02,10005.0,607.13,4.23,12169.21,36.61,28.78,1076.0,316.56,9.15,2655.1,29.62,26.97
1688,https://mttmarket.com/users/53c798740cf25b8ee9716375,Yukozuna,14377.7,53178.2,67555.9,27.04,56.08,2186,24.33,24.11,7041.0,902.0,11.59,35801.41,61.04,43.87,2380.0,281.75,16.5,15095.77,46.21,38.45
1691,https://mttmarket.com/users/530486bd230000ad24d7046c,karamba,1797.1,27017.6,28814.7,6.65,0.04,704,38.38,19.89,10284.0,1636.81,28.78,54564.32,37.18,18.44,1406.0,302.51,36.07,4054.06,16.96,7.99
1764,https://mttmarket.com/users/548a791e0cf298ccc7dbc58e,Nightmare,4157.47,14471.49,18628.96,28.73,10.63,527,27.46,20.3,48229.0,689.92,9.67,68743.16,17.69,14.74,2937.0,231.21,17.8,10343.75,29.66,19.79
1865,https://mttmarket.com/users/53778e240cf2c8120d3d7e92,lavrik19,-815.17,1770.4,955.23,-46.04,-41.64,65,27.24,33.85,17374.0,2777.37,7.72,8005.24,27.11,5.97,2083.0,533.52,19.73,1746.52,19.18,4.25
1869,https://mttmarket.com/users/53865abd0cf2c8120d3fd11a,Leshiy,-1090.77,10261.22,9170.45,-10.63,-9.33,425,24.14,16.71,24587.0,1010.55,10.79,74003.11,40.24,27.91,4317.0,243.68,21.57,18851.61,38.12,20.25
1881,https://mttmarket.com/users/536e790c0cf2614728539b49,77kol0bok77,-700.0,700.0,0.0,0.0,-100.0,1,700.0,0.0,11867.0,1632.84,55.93,340323.46,77.37,51.27,1944.0,339.8,91.2,43692.38,26.79,24.64
1882,https://mttmarket.com/users/52cc50cc51000047c0d8963a,ds10jqka,-1010.7,1332.0,321.3,-75.88,-83.4,9,148.0,11.11,15929.0,1479.79,16.71,51626.42,42.51,19.4,2923.0,381.08,36.3,36488.48,37.77,34.39
1883,https://mttmarket.com/users/54a2ab450cf23c2fa9bd644d,colonok,-56.34,121.05,64.71,-46.54,-53.06,33,3.67,30.3,1208.0,4201.92,1.05,101.64,1.61,7.99,207.0,219.04,1.15,43.73,6.03,18.41
1925,https://mttmarket.com/users/530256a1230000af07d7038a,Stazher,-4982.7,44737.26,39754.56,-11.14,-7.49,1226,36.49,18.43,12226.0,1660.49,15.23,23325.33,44.59,12.53,1059.0,403.29,19.66,6809.62,46.26,32.71
1976,https://mttmarket.com/users/52b606b13800008b17d8371e,Slava4777,332.3,2924.5,3256.8,11.36,33.53,82,35.66,23.17,15118.0,1998.99,11.84,65993.83,39.28,36.86,2484.0,305.92,18.2,11695.77,35.78,25.87
1997,https://mttmarket.com/users/543e30b90cf24a5c0d7cb711,wASH1K,496.89,645.6,1142.49,76.97,23.63,150,4.3,12.0,4957.0,1579.11,3.06,6312.18,36.68,41.55,306.0,187.03,2.73,502.4,8.17,60.07
2001,https://mttmarket.com/users/52bb78b71c00009500b5f38c,VolanD,-21354.51,68588.02,47233.51,-31.13,-28.16,1124,61.02,15.48,15589.0,1335.42,64.87,-40303.22,9.06,-3.99,3173.0,245.35,56.54,-14511.14,-7.32,-8.09
2117,https://mttmarket.com/users/53817eb10cf2c8120d3f09e3,FerDJin,-1129.38,1610.85,481.47,-70.11,-77.62,22,73.22,13.64,,,,,,,,,,,,
2152,https://mttmarket.com/users/537773170cf2c8120d3d7976,KBAHT A3APTA,-3231.0,11601.6,8370.6,-27.85,36.4,281,41.29,13.88,2665.0,467.89,17.52,16505.89,75.33,35.35,313.0,167.65,22.45,-1676.05,-9.71,-23.85
2158,https://mttmarket.com/users/536e0cf40cf2c15ecd6fe8ea,IGRIK762,-2687.03,8327.34,5640.31,-32.27,-35.99,892,9.34,16.59,5322.0,424.94,2.83,-3494.72,-8.1,-23.22,1936.0,88.79,1.4,-322.46,2.98,-11.92
2173,https://mttmarket.com/users/52cc31e551000018bfd89635,Mirage,-2070.43,9332.42,7261.99,-22.19,-4.36,303,30.8,18.15,7489.0,3726.41,15.14,42491.11,65.05,37.48,255.0,264.91,16.77,596.69,14.81,13.96
2184,https://mttmarket.com/users/52efa22b2300004734bf2aca,54kgPozitiva,2949.89,12571.95,15521.84,23.46,-16.82,144,87.31,19.44,17713.0,1165.37,21.31,59109.9,40.33,15.66,2431.0,434.28,28.14,7114.05,29.32,10.4
2186,https://mttmarket.com/users/52fa4923240000584fe517b6,PWF,316.25,22029.0,22345.25,1.44,20.83,756,29.14,16.27,9248.0,803.8,25.68,23796.92,26.02,10.02,432.0,367.72,22.93,7369.38,47.11,74.41
2218,https://mttmarket.com/users/5332df72520000a4aba9c653,NeverGiveUp,-3651.42,9665.22,6013.8,-37.78,-17.89,263,36.75,22.81,13603.0,1973.29,11.06,38120.15,46.64,25.34,925.0,241.46,15.97,5404.24,41.33,36.57
2328,https://mttmarket.com/users/53d7b61a0cf25b8ee974e720,sergeup,-8032.04,24576.02,16543.98,-32.68,-29.43,1309,18.77,19.02,2833.0,380.91,16.77,8657.43,23.08,18.22,536.0,209.62,19.66,629.14,26.14,5.97
2468,https://mttmarket.com/users/5374a21a0cf2c8120d3d0a4b,Bogatur777,160.85,6097.5,6258.35,2.64,10.21,304,20.06,15.79,3459.0,1119.13,10.69,15713.03,70.5,42.51,1233.0,379.15,10.85,9495.58,86.29,71.0
2486,https://mttmarket.com/users/530f11484700002b36dc9e18,20iluha20,3119.22,38744.1,41863.32,8.05,12.11,1861,20.82,17.68,3969.0,1049.67,16.23,8242.37,20.11,12.8,444.0,223.45,20.3,-2072.99,-11.9,-23.0
2506,https://mttmarket.com/users/53231f094a00004987954a4c,etayavnoigra,336.28,13512.53,13848.81,2.49,-0.52,912,14.82,22.59,7459.0,2071.42,4.53,1053.61,12.82,3.12,1113.0,351.36,8.44,1378.91,39.08,14.68
2515,https://mttmarket.com/users/5304b594230000f326d704a0,corvet,-2754.74,11603.56,8848.82,-23.74,-20.36,800,14.5,20.13,11400.0,2434.28,12.24,12850.31,36.88,9.21,840.0,568.26,11.11,515.01,-6.24,5.52
2518,https://mttmarket.com/users/530f68e6470000f039dc9e6e,sekretar,-41.01,8237.96,8196.95,-0.5,-15.62,626,13.16,15.65,1385.0,472.18,8.52,1078.82,1.98,9.14,322.0,205.44,8.89,2690.23,91.99,94.01
2586,https://mttmarket.com/users/5319a671390000c6155b051a,RemmeMee,-1217.64,1556.56,338.92,-78.23,-80.92,99,15.72,11.11,5444.0,3121.56,8.12,7007.6,22.74,15.84,1717.0,233.64,15.12,8875.84,50.6,34.19
2606,https://mttmarket.com/users/52b4bc553800008703d83565,umbroSS,27677.25,19160.0,46837.25,144.45,48.31,49,391.02,18.37,22129.0,1943.97,49.66,271255.31,59.24,24.68,2991.0,382.74,85.51,33328.57,21.64,13.03
2690,https://mttmarket.com/users/52fa4015240000f94ee517ac,AlexaUA,-3487.7,20511.19,17023.49,-17.0,-8.97,637,32.2,18.52,10534.0,873.11,25.84,44671.1,31.95,16.41,2810.0,216.09,4.91,7794.95,83.14,56.46
2720,https://mttmarket.com/users/52b32eef5a00004f02eb24da,PolPal,1462.0,223.0,1685.0,655.61,1119.89,8,27.88,25.0,1783.0,944.49,6.34,6844.83,79.19,60.53,485.0,171.1,9.66,4477.93,75.97,95.57
2789,https://mttmarket.com/users/532703ac3a0000e903fec092,verstkabond,-126.4,144.0,17.6,-87.78,-84.9,22,6.55,9.09,1810.0,1975.86,8.52,5321.37,34.3,34.51,956.0,291.84,10.13,4179.83,28.44,43.15
2805,https://mttmarket.com/users/52d9489d2400007358fc3261,DJonik_EV,-224.47,315.2,90.73,-71.22,-73.88,35,9.01,14.29,9158.0,1663.47,6.7,45364.42,82.28,73.98,1005.0,452.71,11.56,7824.24,80.61,67.36
2828,https://mttmarket.com/users/52b3141d5a00009900eb24a1,Eller,255.01,1305.73,1560.74,19.53,121.07,48,27.2,16.67,9192.0,1418.29,13.63,55703.56,84.01,44.46,1671.0,369.21,22.07,11380.78,34.84,30.86
2830,https://mttmarket.com/users/52b31b745a00002d01eb24af,vadka,-7286.42,30948.05,23661.63,-23.54,-16.98,261,118.57,18.39,27176.0,1824.56,51.17,245219.49,24.42,17.64,3134.0,391.26,65.55,-38200.39,6.79,-18.59
2834,https://mttmarket.com/users/52b7ff773800008633d83896,ItsMyReality,-2538.9,4201.4,1662.5,-60.43,-59.99,55,76.39,18.18,3964.0,1956.51,43.37,76476.69,61.69,44.49,493.0,464.53,36.08,1816.66,24.64,10.21
2838,https://mttmarket.com/users/52b32afc5a00002402eb24d2,mr5bet,-2757.97,7539.4,4781.43,-36.58,-39.56,124,60.8,11.29,9913.0,1570.98,49.98,167431.78,63.74,33.79,607.0,243.54,10.62,4250.35,117.71,65.94
2840,https://mttmarket.com/users/52b5b66b3800002713d83691,Iggy,-554.6,2171.0,1616.4,-25.55,-21.82,94,23.1,17.02,2680.0,949.87,12.58,22466.59,58.44,66.66,463.0,441.41,17.41,3431.55,82.34,42.58
