Unnamed: 0,link,usr_name,tournaments,profit,totBI,totCashes,roi,roiBI,abi,itm,tot_tournaments,tot_avFieldSize,tot_avBI,tot_profit,tot_avROI,tot_totROI,ly_tournaments,ly_avFieldSize,ly_avBI,ly_profit,ly_avROI,ly_totROI
0,https://mttmarket.com/users/55673e9d0cf25c1c3c03cee9,multison375,1564.0,-949.05,11058.9,10109.85,-8.58,-14.19,7.07,22.83,18714.0,2772.82,4.35,25654.92,50.68,31.51,571.0,577.92,6.2,511.78,24.97,14.45
1,https://mttmarket.com/users/5535460f0cf26d1eaea4774e,SkyWorker,803.0,-1705.98,18885.98,17180.0,-9.03,-4.36,23.52,22.04,9766.0,1128.08,16.67,16748.79,28.98,10.29,1312.0,327.73,15.18,3915.8,29.21,19.67
2,https://mttmarket.com/users/55bcb12261ccb6022d3d2f10,serjvikt,764.0,3831.25,8966.2,12797.45,42.73,37.88,11.74,21.86,5293.0,3645.87,6.64,4421.14,18.81,12.59,559.0,480.64,12.58,1487.65,24.16,21.16
3,https://mttmarket.com/users/548484760cf24a5c0d9147ac,Bikk87,1474.0,3180.76,13119.75,16300.51,24.24,21.96,8.9,19.74,11012.0,1164.38,5.37,22271.53,55.93,37.64,2289.0,215.86,7.27,7551.41,61.55,45.35
4,https://mttmarket.com/users/5571b9ee0cf25acfc5bf69dc,bozhurin,342.0,4198.73,2923.18,7121.91,143.64,152.37,8.55,19.01,7066.0,910.09,3.42,7044.63,38.18,29.13,296.0,274.85,7.57,-512.56,6.14,-22.88
5,https://mttmarket.com/users/55645da20cf25c1c3c0328bd,helios,937.0,512.63,8498.29,9010.92,6.03,22.84,9.07,26.36,1361.0,2520.05,4.39,2666.39,19.03,44.58,475.0,204.28,7.85,1026.48,38.0,27.51
6,https://mttmarket.com/users/5587073c0cf2888715a24de1,ATATA_R0MK0,1024.0,979.46,4682.45,5661.91,20.92,28.49,4.57,18.36,1677.0,1243.03,4.54,1907.2,37.4,25.03,1269.0,303.79,4.51,937.46,28.55,16.4
7,https://mttmarket.com/users/55ae277361ccb6000f1fa24f,tuuuhuurbboooo,286.0,391.81,2522.43,2914.24,15.53,48.15,8.82,23.08,7023.0,1140.2,4.67,2524.89,28.26,7.7,2120.0,327.27,4.92,1580.18,28.92,15.15
8,https://mttmarket.com/users/558597c50cf2888715a16f85,SlavaSnigirev,620.0,1108.52,2551.3,3659.82,43.45,40.77,4.12,18.55,3093.0,4364.91,1.25,1551.27,40.66,40.26,1046.0,247.33,2.32,986.27,63.37,40.64
9,https://mttmarket.com/users/536e2e620cf2586a08501922,FILTH,1543.0,1339.72,15199.81,16539.53,8.81,22.57,9.85,22.03,22373.0,3202.8,7.6,34919.19,52.67,20.54,1112.0,441.47,8.17,154.2,9.88,1.7
10,https://mttmarket.com/users/54a2b47a0cf23c2fa9bd696d,kyzyldurrr,449.0,-1702.76,7219.7,5516.94,-23.58,-29.83,16.08,21.38,15808.0,1582.25,5.95,16771.64,20.06,17.82,2654.0,429.01,12.79,14875.6,27.26,43.81
11,https://mttmarket.com/users/56024d5461ccb62671b9b284,k king,179.0,886.73,1215.8,2102.53,72.93,61.03,6.79,24.02,12665.0,1558.62,4.7,9069.48,46.84,15.22,1944.0,254.53,4.58,3029.02,71.77,34.04
12,https://mttmarket.com/users/5565a6b70cf25c1c3c036d36,Shpocker,868.0,681.83,4952.12,5633.95,13.77,26.33,5.71,23.62,6785.0,3194.71,1.4,3067.93,30.39,32.26,1964.0,178.29,2.01,1115.77,49.93,28.2
13,https://mttmarket.com/users/55de63d761ccb615db2fdcae,chur,555.0,1571.48,10022.71,11594.19,15.68,13.94,18.06,25.41,3321.0,1229.58,12.13,9517.0,75.88,23.63,673.0,312.98,9.58,1008.82,34.41,15.64
14,https://mttmarket.com/users/55aff4fa61ccb60011d702f8,dmitry83,1119.0,8157.02,9672.31,17829.33,84.33,81.79,8.64,16.71,9218.0,1188.43,2.67,11687.18,30.35,47.42,2071.0,381.51,7.07,1136.92,8.33,7.76
16,https://mttmarket.com/users/53b101050cf2c8120d45c58c,rusxxxx,3115.0,5993.04,42051.06,48044.1,14.25,16.15,13.5,25.94,52907.0,2225.58,10.17,115144.32,27.12,21.41,3516.0,384.54,13.88,18294.39,58.32,37.5
17,https://mttmarket.com/users/531082eb4700008946dc9eed,Ugin,3900.0,11978.35,133769.37,145747.72,8.95,17.5,34.3,17.79,22969.0,562.93,8.13,33703.16,30.16,18.04,1590.0,253.74,39.34,3368.48,28.09,5.39
18,https://mttmarket.com/users/52b32f4b5a00006002eb24df,NikAs,7135.0,46056.66,375942.59,421999.25,12.25,23.48,52.69,19.76,21755.0,1980.02,26.95,105793.66,50.94,18.04,2752.0,361.08,47.93,39333.76,45.45,29.82
20,https://mttmarket.com/users/55dc7e4f61ccb6107dc36ba1,shonix,155.0,87.61,741.35,828.96,11.82,33.14,4.78,25.16,2878.0,1925.78,2.29,3703.07,59.76,56.19,933.0,141.43,1.87,293.04,26.11,16.79
21,https://mttmarket.com/users/55e3197c61ccb625c0411cef,matejvslo,54.0,-15.82,88.92,73.1,-17.79,11.33,1.65,25.93,3199.0,3583.34,0.58,692.59,67.64,37.32,245.0,180.89,0.57,198.23,98.65,141.03
22,https://mttmarket.com/users/5411d2b60cf22953036831e9,silverbuttonlad,2050.0,6972.56,13973.68,20946.24,49.9,65.94,6.82,23.32,20509.0,1012.25,5.73,24301.55,38.29,20.69,3213.0,293.77,4.4,4610.44,46.18,32.61
23,https://mttmarket.com/users/557ec3370cf28887159e8407,petoose,871.0,-1186.81,4826.63,3639.82,-24.59,-12.32,5.54,18.03,6375.0,4225.48,3.22,2675.57,19.05,13.02,603.0,422.93,7.88,-390.26,28.02,-8.22
24,https://mttmarket.com/users/55a78be60cf2c4481c7cae76,rodevisto,1013.0,-1093.09,13480.16,12387.07,-8.11,-7.93,13.31,25.07,1784.0,388.18,8.91,10103.36,64.07,63.56,1349.0,243.71,9.27,7449.11,74.66,59.59
25,https://mttmarket.com/users/54eb6a500cf22b7780462624,managa,1131.0,2112.04,23835.2,25947.24,8.86,7.22,21.07,17.24,3424.0,1125.21,8.59,6308.87,39.15,21.44,1714.0,309.0,10.09,4182.54,52.89,24.18
26,https://mttmarket.com/users/55965ea00cf2d95aabafda28,ignatik,967.0,-517.41,4764.27,4246.86,-10.86,-5.93,4.93,18.41,3997.0,3960.02,1.55,319.06,10.46,5.15,634.0,372.99,3.24,730.78,47.08,35.6
27,https://mttmarket.com/users/559d77630cf2d95aabb270cd,Bioinformix,1026.0,-4199.14,19970.5,15771.36,-21.03,-4.95,19.46,22.03,11412.0,1898.83,10.72,9392.85,42.5,7.67,1727.0,427.71,20.56,741.81,21.25,2.09
28,https://mttmarket.com/users/5538b38a0cf26d1eaea58b80,danissimovip,1728.0,39345.85,40893.92,80239.77,96.21,35.99,23.67,20.02,14563.0,2686.2,15.74,103837.58,60.58,45.31,1528.0,474.81,23.97,15909.12,48.47,43.43
29,https://mttmarket.com/users/55c8cabb61ccb60c8eaf4748,douglas,750.0,1048.28,4952.0,6000.28,21.17,24.41,6.6,18.53,1795.0,2024.38,5.53,2084.01,22.41,21.0,1142.0,375.74,5.69,2541.34,47.42,39.13
30,https://mttmarket.com/users/54ebbf270cf22b7780463868,TuzMan23,976.0,2367.56,22565.48,24933.04,10.49,10.24,23.12,21.41,10294.0,2264.34,24.62,72408.37,51.82,28.57,1546.0,347.71,25.06,3592.35,35.86,9.27
31,https://mttmarket.com/users/555b4bfa0cf2820a8e3c9792,KeryaSvyatoi,590.0,654.96,2960.99,3615.95,22.12,29.44,5.02,23.73,15154.0,1289.82,1.76,8531.3,35.51,31.97,3068.0,178.48,1.99,2670.03,53.11,43.62
32,https://mttmarket.com/users/55ffd0e261ccb61ce92dd9fb,laybacklol,115.0,615.05,570.5,1185.55,107.81,168.09,4.96,20.0,7023.0,3069.82,1.79,2823.25,47.39,22.5,623.0,542.48,3.38,1855.87,116.04,88.05
33,https://mttmarket.com/users/53764f6b0cf2c8120d3d4e7f,amanskiy,662.0,2962.12,7905.45,10867.57,37.47,35.46,11.94,21.0,4985.0,2106.36,13.44,2185.55,35.65,3.26,1351.0,500.16,14.81,2938.3,34.21,14.68
34,https://mttmarket.com/users/55bbf12e61ccb60059523268,master.zuev,633.0,2189.34,6015.5,8204.84,36.39,43.81,9.5,24.17,7770.0,1854.3,5.76,11122.09,46.33,24.84,1762.0,371.77,12.66,2541.6,34.84,11.4
35,https://mttmarket.com/users/54e4935f0cf2aad4ad50dc80,drawzee,219.0,-748.62,1338.2,589.58,-55.94,-52.9,6.11,17.81,25605.0,677.44,3.28,2145.08,6.63,2.56,6037.0,144.24,2.59,41.36,7.95,0.26
36,https://mttmarket.com/users/5411600c0cf2295303680d0f,F14,2179.0,14569.42,52757.64,67327.06,27.62,27.58,24.21,19.18,8961.0,2077.87,14.88,24084.61,20.37,18.06,2401.0,382.86,17.75,7467.79,22.26,17.53
37,https://mttmarket.com/users/549bdc8e0cf23c3abe0c1f03,bblk,4340.0,7388.17,42247.64,49635.81,17.49,38.19,9.73,18.57,27512.0,1342.99,21.07,218293.26,62.07,37.66,2837.0,421.17,8.81,6798.59,39.25,27.19
38,https://mttmarket.com/users/555ef8880cf2820a8e3d8b32,Luckybet101,1423.0,3595.44,8535.13,12130.57,42.13,46.27,6.0,19.11,4888.0,942.65,3.21,2877.0,22.08,18.35,1716.0,229.09,3.5,2370.35,43.67,39.48
40,https://mttmarket.com/users/55a66e790cf2c4481c7c5cc1,zum-zum077,763.0,-1531.95,7625.46,6093.51,-20.09,-16.1,9.99,20.45,5418.0,3887.81,5.34,5856.47,27.81,20.25,476.0,556.67,8.56,-1037.01,0.18,-25.45
41,https://mttmarket.com/users/5576dfdb0cf28887159c7136,plush0,1122.0,2526.95,9842.77,12369.72,25.67,26.29,8.77,19.43,4200.0,2198.89,3.48,4817.15,55.54,32.95,1576.0,386.99,4.95,4105.49,82.35,52.63
42,https://mttmarket.com/users/54a29d6b0cf23c2fa9bd5ce6,regisser,1858.0,2420.52,17038.82,19459.34,14.21,14.12,9.17,19.0,6949.0,2276.81,5.01,8918.58,62.46,25.63,2771.0,343.99,6.4,2753.2,41.5,15.52
44,https://mttmarket.com/users/5569d34b0cf25c1c3c0449c7,pycckuii,1996.0,-2319.75,29742.56,27422.81,-7.8,-16.2,14.9,20.54,34924.0,901.53,7.85,11003.32,9.3,4.02,1865.0,578.54,16.13,5654.12,19.08,18.79
45,https://mttmarket.com/users/55ad35e861ccb6000f5e58de,bruini,911.0,2334.92,5716.07,8050.99,40.85,47.71,6.27,19.43,5082.0,934.3,2.8,5604.28,37.41,39.41,465.0,502.12,4.71,104.67,19.03,4.78
46,https://mttmarket.com/users/53bfc9550cf2e09139ecace7,jenia007,417.0,2654.9,6033.23,8688.13,44.0,71.46,14.47,20.38,11736.0,807.5,8.68,56440.79,27.52,55.41,2729.0,325.99,8.67,12196.79,43.01,51.53
47,https://mttmarket.com/users/53c6427b0cf25b8ee9711c18,stav_nuts,3131.0,6795.56,47198.14,53993.7,14.4,18.23,15.07,18.72,9790.0,958.31,6.87,9829.23,31.35,14.62,3076.0,284.34,12.1,1558.75,12.44,4.19
48,https://mttmarket.com/users/53955e070cf2c8120d41c860,Депутат,3311.0,9538.95,46197.53,55736.48,20.65,20.31,13.95,16.76,5248.0,1979.76,10.13,6938.09,16.46,13.05,2678.0,306.42,11.96,7390.67,24.53,23.08
50,https://mttmarket.com/users/555c4f7a0cf2820a8e3cd56d,bleenk,554.0,-3691.13,12212.04,8520.91,-30.23,-27.24,22.04,17.69,7592.0,1893.83,11.63,3059.4,33.33,3.47,2451.0,414.4,17.5,-1349.62,18.73,-3.15
51,https://mttmarket.com/users/555f83450cf25c1c3c024b9b,Johnsonsb4be,2094.0,3533.76,23001.41,26535.17,15.36,32.81,10.98,18.86,15048.0,679.02,3.14,12419.47,40.06,26.29,5053.0,219.98,3.23,7109.03,59.69,43.57
52,https://mttmarket.com/users/55e9efc961ccb645168ac878,skandaryunes,274.0,-916.32,2492.0,1575.68,-36.77,-39.45,9.09,16.79,3437.0,2871.82,4.11,3516.82,21.75,24.92,537.0,557.44,6.57,3943.15,109.55,111.84
53,https://mttmarket.com/users/55f7333261ccb67d24b35883,krowelly,96.0,551.78,621.15,1172.93,88.83,29.48,6.47,18.75,11390.0,1988.81,2.98,16987.14,63.41,50.04,1794.0,114.23,2.41,813.3,22.14,18.81
54,https://mttmarket.com/users/55e5836e61ccb62ea9f22fee,zago,302.0,1225.48,1858.3,3083.78,65.95,54.56,6.15,21.85,2756.0,4216.61,5.87,6074.79,44.87,37.58,817.0,283.29,3.71,499.92,11.41,16.48
55,https://mttmarket.com/users/54ba43710cf2ef809cce0018,APE66,1741.0,2748.6,9443.16,12191.76,29.11,40.29,5.42,23.43,21118.0,1920.28,2.46,8391.97,28.25,16.12,1859.0,283.11,3.45,2893.22,58.6,45.1
56,https://mttmarket.com/users/556cbc150cf2a06f7748d44a,Jonny_Rixter,797.0,1044.57,4619.3,5663.87,22.61,34.68,5.8,20.83,1932.0,2507.07,4.02,3625.29,59.69,46.66,1097.0,357.12,4.54,804.59,29.67,16.14
57,https://mttmarket.com/users/543033f50cf2c31f2c2793a4,Noorgle,1254.0,4849.35,30064.09,34913.44,16.13,15.27,23.97,20.1,9646.0,580.73,11.66,23838.9,26.69,21.19,3793.0,236.24,17.06,17120.6,33.58,26.45
58,https://mttmarket.com/users/557d8cf30cf28887159dfa6e,Rockdarkstar,14.0,-99.08,164.4,65.32,-60.27,-54.19,11.74,21.43,7740.0,1267.01,4.33,9870.79,34.1,29.45,719.0,474.94,10.03,8075.27,106.56,112.03
59,https://mttmarket.com/users/55891ffc0cf2888715a32b8e,Bekishev,928.0,-158.08,6934.5,6776.42,-2.28,9.69,7.47,16.7,2102.0,1441.96,4.32,2076.83,38.15,22.89,1295.0,363.39,4.33,959.52,41.62,17.09
60,https://mttmarket.com/users/537800600cf2c8120d3d8eed,Crock,767.0,-332.38,6918.76,6586.38,-4.8,4.73,9.02,21.12,8632.0,3413.81,5.7,12564.66,54.26,25.52,1293.0,427.66,7.09,1640.21,55.51,17.9
61,https://mttmarket.com/users/5457f2620cf24a5c0d853d24,Glewellin17,2631.0,566.25,20877.11,21443.36,2.71,20.7,7.94,14.82,7203.0,721.07,4.43,-301.88,11.55,-0.95,2337.0,340.86,7.36,934.56,19.22,5.44
63,https://mttmarket.com/users/53dbaf830cf2295303592036,Bectolo4,2572.0,33122.49,63076.98,96199.47,52.51,69.88,24.52,19.05,14215.0,1560.86,8.94,68665.07,56.61,54.03,1404.0,416.6,20.94,10343.54,57.16,35.18
67,https://mttmarket.com/users/55c275b361ccb60014407cc7,cherv26,373.0,380.71,1889.22,2269.93,20.15,31.47,5.06,14.48,5359.0,1456.56,2.49,3153.19,43.58,23.63,317.0,275.4,3.84,286.22,31.3,23.52
68,https://mttmarket.com/users/53c8e4970cf25b8ee971a85f,Kventin92,1541.0,10088.93,15450.57,25539.5,65.3,63.08,10.03,26.15,3749.0,2127.42,3.96,15079.74,132.52,101.6,1283.0,288.77,7.18,9010.2,118.03,97.74
70,https://mttmarket.com/users/55b774d761ccb60012f31507,angerr,960.0,15142.76,11335.85,26478.61,133.58,78.19,11.81,23.23,7518.0,1769.08,8.9,24624.7,26.92,36.8,668.0,382.6,11.84,1856.85,25.13,23.48
72,https://mttmarket.com/users/557aae350cf28887159d57f2,Tarh,453.0,9837.92,4560.07,14397.99,215.74,190.0,10.07,17.0,3754.0,2073.99,2.66,15420.03,98.31,154.7,559.0,410.13,7.44,1107.42,40.65,26.64
74,https://mttmarket.com/users/5532a25d0cf26d1eaea3d260,nik1020,1284.0,1746.78,7087.39,8834.17,24.65,33.41,5.52,22.35,17300.0,2266.26,5.39,8299.21,34.3,8.89,691.0,570.76,5.38,2107.04,72.63,56.67
75,https://mttmarket.com/users/5457ce390cf24a5c0d8533a3,matters71,2093.0,21011.13,33105.99,54117.12,63.47,52.64,15.82,22.5,10045.0,1924.07,4.85,25339.81,36.47,52.05,1249.0,439.78,9.98,3854.58,23.43,30.93
76,https://mttmarket.com/users/5424bde20cf22953036f7c3a,Aleks13,2109.0,4715.01,36830.2,41545.21,12.8,24.07,17.46,15.32,8626.0,325.64,9.33,35641.76,62.26,44.28,2378.0,253.93,13.35,5471.26,23.18,17.23
77,https://mttmarket.com/users/556d90530cf2a06f774995f6,parfen1111,588.0,-433.12,4151.4,3718.28,-10.43,87.96,7.06,19.22,4687.0,2857.19,3.94,7087.44,49.58,38.4,618.0,411.66,5.62,-837.95,11.99,-24.12
78,https://mttmarket.com/users/556eb6c90cf2a06f774a60ee,marat2302,467.0,44.47,3354.1,3398.57,1.33,-4.43,7.18,20.13,4275.0,2542.46,5.39,6639.81,39.01,28.8,461.0,520.51,5.31,924.95,26.36,37.75
79,https://mttmarket.com/users/545a67f70cf24a5c0d85e61f,Vzyatkov073,832.0,6.81,4025.48,4032.29,0.17,33.5,4.84,22.96,5069.0,2417.4,5.16,4239.19,35.15,16.2,555.0,442.42,5.92,-128.71,5.89,-3.92
80,https://mttmarket.com/users/557ed7200cf28887159e8b77,TomCoep,1083.0,381.49,6054.01,6435.5,6.3,35.69,5.59,20.04,2712.0,1724.31,3.88,7423.65,50.84,70.59,966.0,475.34,7.13,3548.56,63.4,51.52
87,https://mttmarket.com/users/556490cf0cf25c1c3c0335ce,Arkalis,706.0,87.2,3520.61,3607.81,2.48,11.04,4.99,17.56,3909.0,1442.44,2.1,1545.4,35.65,18.85,1583.0,376.17,3.15,607.23,46.56,12.16
89,https://mttmarket.com/users/5436d0a20cf2c31f2c2961a8,hichnick777,2647.0,19054.69,43682.96,62737.65,43.62,65.93,16.5,18.74,13315.0,2018.4,6.47,31741.17,41.0,36.85,2645.0,274.9,8.24,5950.99,63.67,27.29
93,https://mttmarket.com/users/55cd320361ccb60bf5ef534f,sergey260594,762.0,3369.25,4190.0,7559.25,80.41,89.35,5.5,22.57,6002.0,2250.58,3.03,3284.39,25.81,18.07,1636.0,352.66,3.8,1202.08,24.21,19.34
96,https://mttmarket.com/users/541ebfc20cf22953036c82e2,Senheiser,2613.0,5202.69,18639.23,23841.92,27.91,30.18,7.13,20.51,14269.0,1697.23,3.96,6227.64,24.54,11.03,2447.0,279.93,6.28,5816.52,46.34,37.87
97,https://mttmarket.com/users/5581ce4a0cf28887159f72a7,Stalpan,1344.0,-3185.31,10621.42,7436.11,-29.99,-23.82,7.9,22.02,21311.0,2519.98,8.68,19570.79,32.63,10.58,1362.0,528.03,11.65,-4475.4,-28.32,-28.21
100,https://mttmarket.com/users/558aed3e0cf2888715a3f7f7,L_Scola,314.0,4263.97,9407.6,13671.57,45.32,37.16,29.96,42.04,5525.0,911.08,32.31,35896.02,42.89,20.11,1613.0,251.28,28.38,8944.88,40.42,19.54
102,https://mttmarket.com/users/5531265c0cf26d1eaea394db,modu1us,1432.0,-3359.3,10169.5,6810.2,-33.03,-30.21,7.1,15.5,6026.0,1234.92,6.82,2864.72,32.23,6.97,1672.0,272.17,6.36,-2147.2,-2.65,-20.19
104,https://mttmarket.com/users/55b78f3861ccb600db439570,bean paul,686.0,500.68,3682.0,4182.68,13.6,22.92,5.37,23.03,6747.0,2533.05,4.58,6138.38,42.68,19.86,2013.0,199.0,2.67,-403.01,21.89,-7.51
105,https://mttmarket.com/users/554bd3a50cf2bb0785a3887c,ZIG,268.0,1317.94,3732.61,5050.55,35.31,52.03,13.93,20.9,1340.0,604.61,7.85,6246.05,74.98,59.36,305.0,409.76,14.75,2947.13,122.21,65.5
107,https://mttmarket.com/users/52b58ec63800004311d835ed,KAMSHULER,5216.0,9539.18,187174.53,196713.71,5.1,16.31,35.88,18.39,18044.0,1095.04,12.84,63418.64,48.83,27.38,3601.0,286.94,28.3,6569.99,19.12,6.45
108,https://mttmarket.com/users/536e0f9e0cf2c15ecd6feb06,robi,2441.0,8050.83,46589.65,54640.48,17.28,27.13,19.09,22.9,15573.0,1392.81,11.82,43914.4,40.59,23.85,1900.0,492.12,16.14,9947.29,53.77,32.45
110,https://mttmarket.com/users/5554cbf80cf24036f37b657c,JomoIungma,1138.0,2256.73,12441.75,14698.48,18.14,26.35,10.93,21.53,4266.0,1000.33,8.8,9707.77,49.08,25.85,2005.0,351.15,11.37,3845.16,36.81,16.87
111,https://mttmarket.com/users/553104960cf26d1eaea38dce,iMurik888,106.0,24.77,496.9,521.67,4.98,-6.63,4.69,22.64,5173.0,904.92,2.13,4968.38,48.06,45.02,2006.0,273.59,1.78,1949.11,49.96,54.62
112,https://mttmarket.com/users/560435ff61ccb62d94e77075,blackmoneyx,181.0,-672.29,1883.2,1210.91,-35.7,-42.95,10.4,22.65,916.0,2953.4,9.85,5419.7,24.43,60.06,238.0,407.38,9.12,1380.07,46.47,63.56
113,https://mttmarket.com/users/5443812f0cf24a5c0d7eb35f,Radin,3336.0,9419.28,19661.37,29080.65,47.91,48.11,5.89,19.99,15711.0,985.13,2.57,15994.49,43.03,39.54,2742.0,326.7,4.93,7646.54,72.5,56.55
114,https://mttmarket.com/users/537b32d00cf2c8120d3e0cbf,drunkym0nkey,4584.0,14598.47,55545.68,70144.15,26.28,31.48,12.12,20.05,6369.0,1606.38,7.51,18419.36,57.54,38.52,2071.0,432.54,11.01,8715.11,38.42,38.21
115,https://mttmarket.com/users/553d9ebe0cf26d1eaea65ebc,Revolver,549.0,300.71,5083.1,5383.81,5.92,16.1,9.26,17.85,20564.0,787.04,7.7,30428.54,25.56,19.21,1596.0,320.63,8.82,-4035.04,-3.51,-28.67
116,https://mttmarket.com/users/55360d190cf26d1eaea49faf,Sytnik,857.0,1760.18,6507.87,8268.05,27.05,33.44,7.59,25.44,4754.0,3486.7,5.29,6982.33,29.81,27.79,759.0,427.9,5.58,1224.08,65.93,28.91
118,https://mttmarket.com/users/556c52de0cf2a06f7748a51e,ndima,1160.0,2402.76,9123.88,11526.64,26.33,25.13,7.87,34.05,13795.0,3477.62,8.27,16284.26,28.7,14.28,850.0,427.38,8.94,907.49,34.03,11.94
119,https://mttmarket.com/users/53b17f950cf2c8120d45dbb2,Dartuha,1140.0,496.98,6429.31,6926.29,7.73,18.98,5.64,18.33,12052.0,1404.24,2.05,1253.69,26.56,5.07,1724.0,232.96,3.8,936.08,40.43,14.28
124,https://mttmarket.com/users/5575d3e10cf28887159c3817,Scombat,1126.0,11363.08,5434.87,16797.95,209.08,102.55,4.83,21.4,7232.0,3994.39,9.93,26828.6,28.21,37.37,643.0,531.32,5.74,1981.18,60.04,53.67
126,https://mttmarket.com/users/532ca3935200008d4da9c533,OtDushi,2932.0,21624.34,136423.17,158047.51,15.85,24.96,46.53,20.12,4106.0,1395.05,28.5,29222.37,38.23,24.97,1029.0,314.99,50.92,-1112.51,13.23,-2.12
127,https://mttmarket.com/users/54eee3a90cf22b7780472da2,AHTOCb,1560.0,6933.09,34554.42,41487.51,20.06,38.03,22.15,23.78,15665.0,2904.99,11.75,41060.77,44.6,22.3,3597.0,472.69,16.43,11396.87,30.28,19.28
129,https://mttmarket.com/users/5565d9b30cf25c1c3c037c32,drobish23,646.0,48.95,4731.1,4780.05,1.03,4.78,7.32,21.05,3987.0,1746.79,2.85,1335.31,38.94,11.76,983.0,263.72,3.79,706.06,25.27,18.93
130,https://mttmarket.com/users/549da30f0cf23c3abe0cbd63,Ckopo6oraTbIu,1225.0,-1231.42,13946.39,12714.97,-8.83,14.09,11.38,21.06,12302.0,2529.72,6.75,11341.67,32.77,13.66,1902.0,345.98,9.18,40.57,41.0,0.23
132,https://mttmarket.com/users/55f2d77c61ccb66d2f37f313,advenator,290.0,623.08,1545.37,2168.45,40.32,32.77,5.33,19.66,2221.0,1711.68,3.9,339.97,3.5,3.93,1276.0,211.83,4.23,974.71,35.76,18.07
136,https://mttmarket.com/users/55ba5c9961ccb6004d2bcb6a,ramiawad,1124.0,8490.28,37836.17,46326.45,22.44,7.22,33.66,15.39,9465.0,1235.02,18.64,63553.86,41.58,36.03,1945.0,296.02,32.14,10936.04,24.55,17.49
139,https://mttmarket.com/users/537318450cf2c8120d3cc289,O_o link,2011.0,7231.3,13934.71,21166.01,51.89,51.9,6.93,21.73,7570.0,2291.68,3.19,9376.92,44.63,38.79,1998.0,313.96,4.12,1492.45,29.08,18.13
143,https://mttmarket.com/users/557b28d80cf28887159d80b5,KOHb_blr,785.0,3124.09,6533.6,9657.69,47.82,58.63,8.32,24.84,23847.0,1784.0,5.45,22305.05,38.05,17.15,2830.0,398.03,7.57,9030.3,74.86,42.13
145,https://mttmarket.com/users/545440e10cf24a5c0d83e873,MoWeR,1126.0,4585.54,11650.24,16235.78,39.36,41.3,10.35,18.65,16980.0,2031.2,10.3,66172.87,60.6,37.85,3441.0,309.25,8.51,21220.23,112.05,72.47
147,https://mttmarket.com/users/54750a910cf24a5c0d8cc19e,ChckMate,2712.0,9260.61,177901.33,187161.94,5.21,18.77,65.6,17.66,5278.0,799.84,32.19,39767.35,41.37,23.4,3492.0,248.55,37.51,45611.41,42.16,34.82
148,https://mttmarket.com/users/54d749a40cf2d7cefbe6ee80,DMethos,1644.0,1230.68,5855.52,7086.2,21.02,25.41,3.56,19.1,5231.0,2606.9,1.34,1707.94,32.53,24.37,1772.0,235.73,2.74,1805.77,47.06,37.14
149,https://mttmarket.com/users/555b213d0cf2820a8e3c88e0,MTIMachine,311.0,315.54,1420.95,1736.49,22.21,75.85,4.57,21.54,3185.0,1911.64,1.44,2090.85,47.37,45.45,539.0,244.22,1.73,348.04,37.84,37.24
150,https://mttmarket.com/users/5527c9b60cf28d50eba1fcc4,Bigluckpls,626.0,2185.02,12971.2,15156.22,16.85,10.55,20.72,17.41,7002.0,872.56,17.51,28436.31,28.41,23.2,1845.0,226.2,17.54,4178.85,14.69,12.91
151,https://mttmarket.com/users/55b1121561ccb60010e6dea0,beetle,1331.0,-2105.96,7697.61,5591.65,-27.36,-22.93,5.78,19.23,11487.0,3743.61,1.52,-1217.94,6.19,-6.99,2413.0,219.44,2.56,-354.08,4.83,-5.73
154,https://mttmarket.com/users/54e1f4000cf2aad4ad05324d,sabakabarabaka63,2162.0,3197.16,28930.3,32127.46,11.05,12.97,13.38,17.48,14960.0,1007.4,29.4,107273.79,26.46,24.39,4235.0,197.06,10.91,12386.26,35.96,26.8
158,https://mttmarket.com/users/555a30660cf2820a8e3c6366,antey2710,125.0,158.8,437.95,596.75,36.26,73.26,3.5,24.8,3884.0,409.23,0.59,527.92,15.36,22.97,478.0,190.96,1.29,397.95,54.75,64.71
163,https://mttmarket.com/users/55a1f9200cf2c4481c7a6e6a,Eddy James Kenway,1097.0,-675.7,3779.6,3103.9,-17.88,-23.11,3.45,20.6,3511.0,2606.82,1.11,-896.59,1.25,-23.0,1646.0,297.1,1.1,-99.55,18.33,-5.51
165,https://mttmarket.com/users/5315e9ee2d00005a04ba0b3b,Serik,4286.0,-1784.62,102365.85,100581.23,-1.74,-2.19,23.88,20.09,7438.0,826.07,15.1,5292.48,14.47,4.71,1593.0,301.43,22.57,-5178.03,-3.26,-14.4
178,https://mttmarket.com/users/55379e770cf26d1eaea5528c,dieselamq,2461.0,4950.29,22021.87,26972.16,22.48,19.74,8.95,19.59,9236.0,781.06,4.9,6032.94,23.2,13.32,1750.0,405.18,8.13,6984.74,60.98,49.07
180,https://mttmarket.com/users/544288990cf24a5c0d7e6b4d,punter54,2681.0,6324.48,19629.67,25954.15,32.22,36.15,7.32,19.21,13882.0,805.94,4.04,22315.44,45.41,39.75,2435.0,330.7,5.53,4061.27,35.22,30.19
184,https://mttmarket.com/users/558ef0fb0cf2888715a56253,mephisto,1165.0,500.07,9630.09,10130.16,5.19,13.7,8.27,19.06,2334.0,2219.8,7.87,5316.65,20.43,28.93,1170.0,494.58,9.63,2364.27,41.19,20.99
190,https://mttmarket.com/users/54ba71520cf2ef809cce1700,leo minorrr,1390.0,1372.31,7339.12,8711.43,18.7,27.02,5.28,18.35,5745.0,4767.89,4.38,9743.54,78.24,38.71,822.0,506.49,3.81,330.67,39.41,10.55
191,https://mttmarket.com/users/557aa4a30cf28887159d5511,LEXTER,1079.0,-147.93,6314.69,6166.76,-2.34,8.2,5.85,21.41,3742.0,3724.66,4.91,5352.93,59.33,29.14,937.0,416.93,5.61,1471.32,49.79,27.99
194,https://mttmarket.com/users/55c687a461ccb6061a9178f2,spektre,471.0,-355.61,2530.5,2174.89,-14.05,0.65,5.37,18.9,5038.0,2083.09,2.13,8777.31,47.72,81.84,1589.0,277.95,2.55,-271.49,14.15,-6.7
198,https://mttmarket.com/users/55e7014961ccb63534279ad4,gkoulou13,156.0,55.64,1057.04,1112.68,5.26,-7.26,6.78,22.44,12715.0,1670.65,6.36,17754.38,37.04,21.95,1279.0,518.2,13.46,-1234.36,-4.19,-7.17
201,https://mttmarket.com/users/54e1bc920cf2d7cefd0a5e78,RaulandTotti,621.0,-318.57,1252.23,933.66,-25.44,-30.88,2.02,17.39,5814.0,720.8,1.16,363.85,25.04,5.38,945.0,94.9,0.76,134.47,23.9,18.67
204,https://mttmarket.com/users/55cfcc9061ccb6133155fcad,mnevezet2015,459.0,-2131.08,5437.29,3306.21,-39.19,-13.15,11.85,17.65,1135.0,1961.47,8.32,2871.5,40.68,30.42,765.0,469.9,8.58,2990.24,70.8,45.55
211,https://mttmarket.com/users/55e3368061ccb6263045ecf1,jefflinsdell,139.0,-578.92,864.2,285.28,-66.99,-59.31,6.22,13.67,1645.0,2204.33,10.11,11526.08,-1268.22,69.32,693.0,328.35,13.76,15021.6,11.43,157.53
212,https://mttmarket.com/users/55c30f0961ccb601822713c4,mogican99,815.0,-4800.68,7978.48,3177.8,-60.17,11.55,9.79,21.47,15539.0,1441.46,1.45,7032.74,51.02,31.19,1670.0,242.23,2.38,1795.24,40.8,45.17
213,https://mttmarket.com/users/554333e00cf2bb0785a20215,callmarrr,971.0,-456.05,5423.18,4967.13,-8.41,36.2,5.59,22.04,4846.0,1417.85,4.31,8497.53,68.0,40.66,763.0,428.71,4.34,-58.1,26.45,-1.76
214,https://mttmarket.com/users/54514df80cf24a5c0d830bce,MikleD,3100.0,5048.41,61474.21,66522.62,8.21,8.41,19.83,23.71,12985.0,841.33,8.15,26341.25,54.15,24.9,3847.0,245.81,12.79,15698.56,39.94,31.89
216,https://mttmarket.com/users/558a9f0f0cf2888715a3d011,srdjaaa,570.0,-107.28,4746.75,4639.47,-2.26,1.89,8.33,19.47,1915.0,1336.92,8.4,6229.73,43.75,38.73,802.0,241.45,11.4,1381.28,34.12,15.11
217,https://mttmarket.com/users/54a6a4990cf23c2fa9beac02,Denfcb,1038.0,462.38,10598.51,11060.89,4.36,16.31,10.21,24.47,8851.0,1355.83,4.21,25654.08,81.63,68.79,530.0,506.28,8.89,4651.71,131.52,98.73
219,https://mttmarket.com/users/55d60b5161ccb600922337b5,julshot,549.0,1120.24,6456.2,7576.44,17.35,22.94,11.76,18.94,6877.0,913.14,8.81,19144.92,53.07,31.6,1810.0,217.69,7.57,6761.35,61.83,49.33
222,https://mttmarket.com/users/55a48e920cf2c4481c7b39fb,DuxeTUT,862.0,-210.46,4625.4,4414.94,-4.55,0.84,5.37,18.56,7288.0,2978.14,2.03,1555.18,28.78,10.49,1208.0,436.54,3.33,2482.94,81.81,61.71
230,https://mttmarket.com/users/54b820150cf2ef809ccc81e2,cotondark,376.0,96.98,2720.5,2817.48,3.56,24.04,7.24,13.83,7088.0,1946.73,2.5,5798.6,46.97,32.69,1660.0,399.89,4.4,2925.46,42.69,40.05
231,https://mttmarket.com/users/543d59990cf24a5c0d7c7ec5,OMG!agro,2727.0,11464.62,40190.88,51655.5,28.53,43.65,14.74,18.34,9850.0,1877.65,7.66,12787.39,30.02,16.95,2161.0,315.58,13.26,1689.94,13.35,5.9
238,https://mttmarket.com/users/53abd5490cf2c8120d44fbfe,itsNotFun,1037.0,277.68,12517.78,12795.46,2.22,23.14,12.07,19.38,4852.0,1264.46,7.75,13313.25,59.76,35.4,1738.0,308.24,8.68,867.67,16.8,5.75
239,https://mttmarket.com/users/5488f9b60cf298ccc7db3084,PinkZebra,4693.0,998.35,54283.87,55282.22,1.84,14.49,11.57,14.55,7119.0,1851.46,7.11,7193.3,28.31,14.22,3441.0,412.73,9.19,7087.05,25.59,22.41
240,https://mttmarket.com/users/5520491c0cf25438259e571c,TSMeister,1375.0,16654.75,18265.92,34920.67,91.18,86.33,13.28,20.87,7586.0,1654.43,21.43,31482.63,51.66,19.37,1283.0,493.54,9.96,6762.49,42.79,52.91
241,https://mttmarket.com/users/5302904e230000510ad703d4,r2r,6172.0,78992.03,376267.57,455259.6,20.99,22.74,60.96,20.2,13981.0,1540.47,26.53,108264.1,41.76,29.19,1909.0,245.95,61.13,30271.98,21.76,25.94
242,https://mttmarket.com/users/555deed30cf2820a8e3d3d6b,utaquake,939.0,-691.68,6195.83,5504.15,-11.16,5.57,6.6,19.7,13118.0,1519.79,2.98,4445.39,36.88,11.37,3189.0,217.09,2.0,1717.52,46.84,26.91
246,https://mttmarket.com/users/5386467f0cf2c8120d3fcdf1,check90,1728.0,14788.65,60624.04,75412.69,24.39,24.21,35.08,20.54,13154.0,1892.98,16.16,69677.67,47.7,32.79,2562.0,472.4,26.72,49798.82,64.89,72.75
248,https://mttmarket.com/users/537d2c0b0cf2c8120d3e6047,AwadeuS,1383.0,2196.66,13195.78,15392.44,16.65,45.31,9.54,21.11,5323.0,2051.92,4.72,-680.2,15.32,-2.71,1364.0,340.3,5.52,2285.75,67.63,30.36
250,https://mttmarket.com/users/553d123c0cf26d1eaea65028,IGOR1010,1221.0,2637.08,5806.55,8443.63,45.42,39.51,4.76,21.87,3662.0,1673.21,3.21,3986.11,28.16,33.9,1524.0,456.5,4.09,1831.26,25.74,29.41
252,https://mttmarket.com/users/55b7638661ccb60110fb4be8,tomoto,834.0,-377.59,7302.3,6924.71,-5.17,3.6,8.76,18.23,5357.0,554.74,7.19,-322.25,-167.93,-0.84,2408.0,288.7,8.43,-2119.6,28.36,-10.44
255,https://mttmarket.com/users/55953fb60cf2d95aabaf3531,be_successful,613.0,-84.25,4462.75,4378.5,-1.89,-2.68,7.28,22.84,26650.0,656.15,5.53,14793.1,17.73,10.04,1044.0,561.14,10.33,46.87,21.5,0.43
257,https://mttmarket.com/users/54a2c3b80cf23c2fa9bd70b9,deezder,2328.0,-3114.18,58289.22,55175.04,-5.34,0.42,25.04,16.24,8727.0,1879.42,21.35,18321.46,26.49,9.83,1953.0,353.67,21.86,3635.87,19.35,8.51
260,https://mttmarket.com/users/555b7b380cf2820a8e3ca7e5,AndrewAndrew,931.0,2574.5,7721.36,10295.86,33.34,17.03,8.29,19.23,7897.0,1207.08,5.61,7984.22,25.28,18.04,3094.0,304.16,8.25,1676.4,26.42,6.57
263,https://mttmarket.com/users/53f5b7580cf22953035ff48c,dAmAzAN,1349.0,2102.45,7085.42,9187.87,29.67,47.98,5.25,20.24,19953.0,524.71,1.74,10168.98,44.65,29.35,6763.0,152.48,1.97,5481.68,64.22,41.09
277,https://mttmarket.com/users/5541109c0cf2bb0785a1c6c3,prozhektorp,798.0,-3634.88,10118.27,6483.39,-35.92,-34.75,12.68,24.06,4322.0,4289.2,8.7,7183.15,44.19,19.1,713.0,292.31,7.17,3378.22,113.92,66.11
279,https://mttmarket.com/users/537e07290cf2c8120d3e8216,kanelbdoncku,1307.0,4687.49,9482.83,14170.32,49.43,93.36,7.26,23.49,10053.0,1518.59,6.45,28454.22,57.97,43.91,1006.0,262.47,6.85,3105.83,60.18,45.09
281,https://mttmarket.com/users/55a247f30cf2c4481c7a7c1b,sulfajjj,178.0,7088.21,2392.6,9480.81,296.26,382.13,13.44,23.03,1205.0,2914.31,3.59,7730.4,101.4,178.9,502.0,332.91,3.71,1046.63,105.84,56.21
282,https://mttmarket.com/users/54587c6e0cf24a5c0d8565a8,sfx,817.0,-2042.73,6349.7,4306.97,-32.17,-22.84,7.77,19.46,11723.0,1508.35,6.97,16270.43,44.39,19.92,904.0,359.83,6.6,-1275.01,-5.13,-21.36
289,https://mttmarket.com/users/554a21bc0cf2bb0785a32293,kolowsk1,917.0,-3187.08,12603.4,9416.32,-25.29,-21.43,13.74,19.19,4179.0,3305.73,44.39,90357.6,55.03,48.71,657.0,430.13,14.82,2219.39,53.15,22.79
294,https://mttmarket.com/users/55ae596c61ccb6000e13603e,maximusaces2,754.0,-1490.1,5099.04,3608.94,-29.22,-25.39,6.76,17.37,2548.0,1236.1,2.88,-708.57,-0.93,-9.66,1304.0,252.49,3.85,-3.09,17.16,-0.06
303,https://mttmarket.com/users/54c80ece0cf266f63902a6a8,antif,890.0,8191.76,18285.6,26477.36,44.8,61.56,20.55,20.45,14637.0,1877.09,11.95,75374.17,58.4,43.1,2687.0,304.66,15.18,26057.39,83.31,63.89
313,https://mttmarket.com/users/52b32f135a00006202eb24de,dobBRO,3.0,1460.5,39.5,1500.0,3697.47,2172.73,13.17,33.33,949.0,740.25,18.87,6165.22,42.86,34.44,692.0,386.86,20.99,7142.18,61.75,49.18
332,https://mttmarket.com/users/5565922f0cf25c1c3c0366c2,Lykov_1988,360.0,-1442.87,4179.9,2737.03,-34.52,-31.96,11.61,24.17,2337.0,343.73,5.84,12360.04,150.64,90.52,1037.0,259.27,7.13,8526.23,194.95,115.31
342,https://mttmarket.com/users/545a17d80cf24a5c0d85cf63,gunning4you,2793.0,2336.57,33166.71,35503.28,7.04,17.35,11.87,18.87,7167.0,2353.39,8.72,11905.54,49.82,19.05,2718.0,410.89,10.94,6351.22,36.61,21.35
370,https://mttmarket.com/users/537252150cf2c8120d3ca38a,Jumanja777,3189.0,17620.38,42290.61,59910.99,41.66,66.21,13.26,21.07,8622.0,1942.91,10.6,49181.73,86.99,53.8,2845.0,428.55,12.92,7668.56,42.48,20.86
377,https://mttmarket.com/users/555eb4340cf2820a8e3d7d85,MrNight,240.0,-23.38,275.6,252.22,-8.48,-6.64,1.15,20.83,1234.0,897.44,0.53,-137.61,-11.43,-20.97,625.0,117.94,0.63,-29.64,6.68,-7.58
378,https://mttmarket.com/users/54a7e2090cf23c2fa9bf2c94,Play_yyer99,1760.0,3570.98,26416.02,29987.0,13.52,18.01,15.01,15.85,37381.0,320.78,5.19,38526.14,29.37,19.86,4396.0,204.72,6.24,8785.12,43.68,32.04
382,https://mttmarket.com/users/53a040220cf2c8120d43379c,xquizzza,560.0,2283.22,7175.36,9458.58,31.82,29.11,12.81,22.68,12584.0,1668.3,5.95,14410.64,34.55,19.26,3251.0,360.25,9.63,6855.89,31.95,21.89
391,https://mttmarket.com/users/55b944e061ccb6012efae3b1,vladdnepr,246.0,-654.29,1256.6,602.31,-52.07,-50.89,5.11,17.07,4015.0,3385.45,2.47,1203.49,76.03,12.14,462.0,313.24,3.0,-552.74,-1.07,-39.87
407,https://mttmarket.com/users/55aeea9761ccb60011d702d2,jyzeppe,293.0,2031.27,1935.89,3967.16,104.93,142.53,6.61,28.67,4017.0,3525.62,2.27,5408.52,71.04,59.33,697.0,311.6,3.14,2428.29,56.49,110.79
411,https://mttmarket.com/users/5563057d0cf25c1c3c02ed7b,iamhater,965.0,165.56,4889.4,5054.96,3.39,22.28,5.07,16.37,4539.0,1204.89,2.25,1485.6,23.0,14.56,1569.0,327.11,3.5,637.17,29.17,11.6
436,https://mttmarket.com/users/55c97e2661ccb60e9b80cf37,shurik389,15.0,2959.12,223.6,3182.72,1323.4,3709.26,14.91,26.67,9478.0,3399.6,3.34,5517.57,13.91,17.45,1796.0,330.23,4.12,-2840.35,-7.66,-38.39
454,https://mttmarket.com/users/54beebf70cf25777584cbfbb,CasualCase!!,1738.0,4310.19,8503.98,12814.17,50.68,52.08,4.89,24.4,4191.0,922.48,2.4,5417.9,47.28,53.78,2554.0,197.74,2.92,2996.98,51.27,40.16
467,https://mttmarket.com/users/545871e80cf24a5c0d855c6d,BPNVolhv,2135.0,8492.65,20404.55,28897.2,41.62,54.02,9.56,20.61,6208.0,2541.65,7.41,8605.91,31.2,18.7,1808.0,448.35,8.8,4090.18,34.31,25.7
468,https://mttmarket.com/users/542d594c0cf2c31f2c266ac9,papa_af_true,2942.0,4858.06,21281.92,26139.98,22.83,29.2,7.23,17.98,18270.0,514.71,2.41,10241.73,28.46,23.25,3194.0,312.49,4.91,6543.92,53.68,41.73
471,https://mttmarket.com/users/533150655200003394a9c5e0,Boogleman,1265.0,145149.82,182995.1,328144.92,79.32,70.18,144.66,20.32,10991.0,1173.49,58.44,216535.21,53.88,33.71,3531.0,271.48,101.05,53699.27,32.44,15.05
480,https://mttmarket.com/users/53a6d1900cf2c8120d4433e7,OutOfControl,92.0,-160.3,353.95,193.65,-45.29,-38.73,3.85,25.0,300.0,1945.91,1.09,-134.65,-19.05,-41.26,155.0,166.24,0.76,-82.94,-14.97,-69.99
499,https://mttmarket.com/users/551dc33d0cf25438259dbfc8,Hobbit-hole,143.0,800.3,1195.85,1996.15,66.92,67.29,8.36,23.78,5418.0,2661.11,3.92,2479.78,68.24,11.67,671.0,410.36,4.53,1776.66,52.51,58.44
500,https://mttmarket.com/users/556eca530cf2a06f774a83c6,craz1fan,1173.0,-854.64,24526.47,23671.83,-3.48,-0.42,20.91,16.37,4239.0,327.77,19.86,17102.72,41.72,20.31,3118.0,199.01,19.93,10468.81,33.03,16.85
503,https://mttmarket.com/users/553850840cf26d1eaea58063,stardust85,290.0,-1330.87,3855.22,2524.35,-34.52,-39.76,13.29,16.9,7125.0,948.87,4.05,5415.43,39.3,18.75,846.0,306.76,4.83,78.96,37.84,1.93
504,https://mttmarket.com/users/55d17e4461ccb617741e65ae,psychopol,3.0,-211.97,645.0,433.03,-32.86,-32.86,215.0,33.33,4260.0,4014.08,4.72,10344.39,67.43,51.5,513.0,433.52,3.7,768.36,71.54,40.47
532,https://mttmarket.com/users/55b7b12961ccb6019f64f481,igor791,167.0,-243.54,566.5,322.96,-42.99,-20.66,3.39,21.56,3274.0,1476.81,1.74,1939.51,52.37,34.12,608.0,233.37,1.57,115.94,38.34,12.12
554,https://mttmarket.com/users/537e21850cf2c8120d3e893b,NIPk89,701.0,467.54,6339.9,6807.44,7.37,0.43,9.04,19.26,3719.0,2573.63,6.5,6793.92,45.43,28.09,627.0,329.19,10.07,5238.86,43.23,82.95
560,https://mttmarket.com/users/533436bd52000058c1a9c6b7,arecibo_eye,893.0,6029.49,13036.81,19066.3,46.25,72.29,14.6,23.18,5104.0,3767.71,7.02,28909.06,117.24,80.67,432.0,475.41,10.78,6.25,2.27,0.13
567,https://mttmarket.com/users/559bf11d0cf2d95aabb1f1f7,KASMETKO,749.0,-2221.41,8488.48,6267.07,-26.17,-21.07,11.33,14.82,5287.0,4459.71,4.42,11332.1,52.95,48.46,322.0,324.91,11.21,300.3,9.35,8.32
646,https://mttmarket.com/users/53778e240cf2c8120d3d7e92,lavrik19,65.0,-815.17,1770.4,955.23,-46.04,-41.64,27.24,33.85,17530.0,2778.08,7.78,6777.87,26.34,4.97,2089.0,536.12,19.77,45.32,12.65,0.11
660,https://mttmarket.com/users/534d55fe130000cdf036e772,mutnyi_john,1502.0,5725.34,14011.69,19737.03,40.86,50.38,9.33,18.71,2965.0,1156.25,5.35,10540.0,82.82,66.42,1291.0,371.31,7.31,6023.67,66.82,63.85
668,https://mttmarket.com/users/542aae060cf2c31f2c258fe7,vasyamilash,33.0,-712.82,923.7,210.88,-77.17,-74.36,27.99,30.3,6312.0,3302.87,6.31,14568.32,40.0,36.58,415.0,517.99,8.96,2731.01,34.15,73.45
674,https://mttmarket.com/users/53a80f6b0cf2c8120d44639c,F1bonach1,6213.0,3858.79,180636.79,184495.58,2.14,14.77,29.07,16.5,26024.0,767.05,9.02,40246.39,22.96,17.14,4815.0,327.19,23.44,9314.07,10.62,8.25
704,https://mttmarket.com/users/54c9e1b30cf23c4942907efc,lackerboyzz,183.0,-536.21,952.78,416.57,-56.28,-43.08,5.21,14.75,4422.0,3623.05,3.18,1459.73,0.85,10.37,303.0,299.81,4.25,-736.85,-27.89,-57.22
706,https://mttmarket.com/users/54a1bc060cf23c2fa9bcedf8,pian76,418.0,-249.96,2174.3,1924.34,-11.5,-3.71,5.2,22.49,4466.0,1352.01,2.57,2429.51,52.97,21.13,1246.0,381.45,3.47,666.76,45.63,15.42
721,https://mttmarket.com/users/5377d9fd0cf2c8120d3d8aa1,fwd2dreams,1513.0,4318.54,58059.85,62378.39,7.44,20.58,38.37,23.86,15308.0,1588.88,15.47,71459.45,27.4,30.18,2576.0,359.53,28.65,35003.92,30.76,47.43
727,https://mttmarket.com/users/5304c1b22300007427d704a4,ELKY,2306.0,4259.25,46753.76,51013.01,9.11,8.45,20.27,21.16,7756.0,408.89,16.78,45417.66,50.76,34.91,841.0,278.08,17.23,-216.34,3.44,-1.49
759,https://mttmarket.com/users/54adae5b0cf281e421134183,saffron94,693.0,-669.28,2484.94,1815.66,-26.93,-27.54,3.59,14.72,5586.0,2340.61,1.82,1092.88,12.98,10.75,1152.0,227.34,2.28,-175.04,4.6,-6.65
770,https://mttmarket.com/users/553415b80cf26d1eaea430c8,streln,1441.0,6.81,5997.29,6004.1,0.11,26.14,4.16,23.25,15875.0,832.53,1.52,3750.46,26.51,15.59,1349.0,319.1,2.74,-240.4,13.13,-6.5
787,https://mttmarket.com/users/53f397340cf22953035f52fd,Viator,2691.0,13470.63,38582.12,52052.75,34.91,29.98,14.34,17.35,9874.0,394.97,8.06,30596.75,27.44,38.46,2429.0,237.58,13.67,17414.77,44.33,52.46
805,https://mttmarket.com/users/53ab16ae0cf2c8120d44e1bd,Macho,4206.0,14890.96,100011.48,114902.44,14.89,27.2,23.78,19.45,13278.0,1498.62,18.09,69008.32,45.69,28.73,2502.0,275.38,24.18,17959.03,37.57,29.69
807,https://mttmarket.com/users/530d8985470000201edc9d7a,Ovcharman,5051.0,1382.06,131933.75,133315.81,1.05,9.68,26.12,20.61,7846.0,1027.96,16.22,11339.92,20.99,8.91,2216.0,294.34,25.35,4495.26,12.05,8.0
813,https://mttmarket.com/users/559d22600cf2d95aabb25301,Daddygame23,622.0,981.98,3081.2,4063.18,31.87,50.73,4.95,18.97,12619.0,1864.09,3.36,12879.91,52.96,30.38,1359.0,239.64,2.82,2139.76,76.92,55.84
815,https://mttmarket.com/users/54888a680cf298ccc7db18b3,PKLLV,14.0,-66.0,66.0,0.0,0.0,-100.0,4.71,0.0,1797.0,3423.58,2.54,801.64,47.1,17.56,363.0,254.07,4.51,-8.87,75.81,-0.54
840,https://mttmarket.com/users/5378a5e90cf2c8120d3da7f6,mAKr0FF,2448.0,8610.25,13670.19,22280.44,62.99,73.66,5.58,26.8,54504.0,274.52,1.83,49002.1,55.72,49.03,5386.0,145.86,2.21,8547.1,72.89,71.74
852,https://mttmarket.com/users/54e6f9700cf2d977cd2da8df,Sergio1306,837.0,2842.24,12015.45,14857.69,23.65,37.03,14.36,22.1,23180.0,1327.38,17.4,75566.18,26.66,18.74,2781.0,406.76,13.46,4967.64,44.04,13.27
872,https://mttmarket.com/users/537d88e90cf2c8120d3e69fb,slimka,1.0,-22.0,22.0,0.0,0.0,-100.0,22.0,0.0,877.0,3886.35,5.44,-317.03,-2.3,-6.64,159.0,324.06,9.94,1143.76,60.37,72.38
876,https://mttmarket.com/users/5566baa40cf25c1c3c03b109,JuCh,432.0,51.66,860.44,912.1,6.0,-1.53,1.99,25.0,9191.0,3751.9,0.35,3383.1,40.69,103.8,1774.0,200.07,0.74,574.04,48.52,43.71
880,https://mttmarket.com/users/54d2118a0cf2d7cefb599cf0,DuelAnt,107.0,-464.31,734.8,270.49,-63.19,-51.03,6.87,13.08,976.0,2142.31,2.5,260.02,32.09,10.65,422.0,248.41,2.45,-78.81,17.4,-7.62
886,https://mttmarket.com/users/53cfdb340cf25b8ee973216b,ZheksOWN,2950.0,2370.93,37840.75,40211.68,6.27,15.3,12.83,21.32,5531.0,3608.53,8.5,15335.95,33.74,32.63,1032.0,472.35,9.69,2312.85,36.74,23.12
892,https://mttmarket.com/users/53dcb1860cf2295303595b65,Naneeck,3181.0,9585.48,43865.9,53451.38,21.85,30.07,13.79,15.91,6716.0,2231.88,9.14,21000.38,54.14,34.21,1968.0,335.78,12.74,9523.63,69.54,37.99
910,https://mttmarket.com/users/54d173700cf2d7cefb491e41,fishsif,460.0,2239.77,3729.83,5969.6,60.05,108.63,8.11,26.09,7743.0,2841.97,5.11,6264.61,36.67,15.84,489.0,528.52,5.97,-10.75,1.37,-0.37
911,https://mttmarket.com/users/54f6563f0cf22b77804a3f4e,h0aX,312.0,845.9,3981.94,4827.84,21.24,66.74,12.76,21.47,1125.0,274.71,4.44,3931.76,130.62,78.66,906.0,214.3,4.76,3259.39,107.07,75.63
933,https://mttmarket.com/users/54b503f40cf29effd95bbfc4,syleiman1990,121.0,-1078.49,6560.4,5481.91,-16.44,37.08,54.22,19.01,18951.0,1818.06,11.63,62054.08,51.86,28.15,2497.0,441.16,17.65,16366.68,53.39,37.14
939,https://mttmarket.com/users/52e064503f00002508df4921,Nau,3922.0,14310.8,205626.93,219937.73,6.96,25.3,52.43,16.68,5517.0,1782.67,29.74,45681.31,59.31,27.84,1165.0,441.36,31.49,840.8,18.91,2.29
946,https://mttmarket.com/users/5561d9110cf25c1c3c02ae8c,gertman0,288.0,289.17,3405.06,3694.23,8.49,-10.9,11.82,22.57,2526.0,3282.89,13.03,9546.45,11.72,29.01,597.0,562.69,13.89,-1848.52,-15.2,-22.3
956,https://mttmarket.com/users/552a17e30cf2d767e8af9f59,ALLiBaba,220.0,464.66,1748.13,2212.79,26.58,-1.59,7.95,18.18,3486.0,1803.52,2.1,6126.52,54.08,83.53,767.0,136.47,1.33,-549.83,7.85,-53.76
959,https://mttmarket.com/users/558186ce0cf28887159f580f,doslan,88.0,126.49,404.14,530.63,31.3,73.03,4.59,30.68,8628.0,980.52,0.98,1759.09,26.65,20.87,5224.0,112.79,0.77,682.15,20.59,16.9
986,https://mttmarket.com/users/5567b6880cf25c1c3c03e2f8,igorkatz77,54.0,-830.0,1626.0,796.0,-51.05,-56.64,30.11,22.22,4642.0,3364.71,9.78,25746.6,95.04,56.69,432.0,498.26,15.87,4316.12,116.55,62.94
1014,https://mttmarket.com/users/530256a1230000af07d7038a,Stazher,1226.0,-4982.7,44737.26,39754.56,-11.14,-7.49,36.49,18.43,12239.0,1661.13,15.24,23097.5,44.47,12.39,1025.0,402.02,19.47,6517.25,47.22,32.65
1017,https://mttmarket.com/users/54e375870cf2aad4ad30861c,iLisiy,734.0,1717.88,6280.39,7998.27,27.35,8.99,8.56,15.94,3451.0,1554.26,7.35,13428.08,145.11,52.91,715.0,471.92,5.2,2405.21,218.95,64.74
1072,https://mttmarket.com/users/53aeab830cf2c8120d4571cf,ZhenyaYu,797.0,-2834.09,9475.01,6640.92,-29.91,-28.98,11.89,19.32,4394.0,2316.61,5.73,4071.42,21.61,16.18,962.0,305.65,6.91,-477.03,-5.98,-7.18
1090,https://mttmarket.com/users/552be7140cf26d1eaea2a50e,IwantMLN.,276.0,-793.15,1561.73,768.58,-50.79,-31.35,5.66,16.67,1229.0,2442.49,4.85,-505.87,-11.84,-8.49,535.0,493.19,6.01,676.61,22.5,21.04
1093,https://mttmarket.com/users/5373fb2c0cf2c8120d3cf225,Aps,3202.0,13993.95,148025.86,162019.81,9.45,16.04,46.23,18.3,11490.0,875.07,19.24,59125.78,32.53,26.75,2458.0,321.57,39.31,14683.72,30.48,15.2
1102,https://mttmarket.com/users/531e1cea4a00008c3e9547d6,zinka,4875.0,83526.1,306059.34,389585.44,27.29,19.38,62.78,14.77,23126.0,1256.72,46.08,116449.96,21.23,10.93,2458.0,425.47,74.57,1173.79,14.82,0.64
1105,https://mttmarket.com/users/548acb060cf298ccc7dbd801,DJonik777,2347.0,8565.37,29993.42,38558.79,28.56,31.2,12.78,19.13,9698.0,1600.27,7.04,43060.64,76.64,63.11,1480.0,378.09,12.29,5639.12,49.08,31.01
1139,https://mttmarket.com/users/52c9445d5100007894d8954b,samorodok,5569.0,24446.87,153110.4,177557.27,15.97,22.89,27.49,19.3,11994.0,1651.13,22.01,41658.14,29.08,15.78,3130.0,268.66,26.35,24125.09,43.11,29.25
1145,https://mttmarket.com/users/54d3e8450cf2d7cefb8b4163,Urrr86,1201.0,5716.93,19728.78,25445.71,28.98,20.76,16.43,25.23,7188.0,2274.35,9.93,16790.23,44.7,23.52,1354.0,480.91,17.67,5235.97,31.07,21.88
1157,https://mttmarket.com/users/55509f4d0cf2c149aa1ee093,hARdGAMING,292.0,1538.43,6589.73,8128.16,23.35,43.24,22.57,29.45,9378.0,1678.56,5.79,14458.33,52.33,26.64,1058.0,448.67,12.4,3385.37,69.63,25.8
1249,https://mttmarket.com/users/545d968e0cf24a5c0d86a461,abram4ik,472.0,1256.76,3058.02,4314.78,41.1,42.56,6.48,20.55,10588.0,1528.01,2.15,12613.94,66.35,55.32,1253.0,421.19,4.3,4275.29,87.04,79.39
1277,https://mttmarket.com/users/553d862f0cf26d1eaea65c56,Vans,85.0,-1772.43,3945.94,2173.51,-44.92,-54.62,46.42,24.71,46173.0,1385.32,8.47,81921.49,40.02,20.95,887.0,479.92,21.36,629.01,22.45,3.32
1284,https://mttmarket.com/users/54b3c3330cf21d14c0a8a602,DeZauZeR,1271.0,8231.13,17366.62,25597.75,47.4,46.5,13.66,20.93,5350.0,940.02,11.18,31453.93,58.99,52.6,3385.0,234.67,13.72,27339.69,81.98,58.85
1297,https://mttmarket.com/users/549d287d0cf23c3abe0c8a2f,On3TimePlz,140.0,-4416.1,23006.0,18589.9,-19.2,-12.47,164.33,15.0,13561.0,1084.48,33.03,46152.0,24.82,10.3,5713.0,230.31,50.36,38306.36,22.03,13.31
1307,https://mttmarket.com/users/52d959a82400002a59fc3273,Flat,89.0,-5011.35,22968.0,17956.65,-21.82,-8.07,258.07,24.72,23400.0,1492.1,58.59,266599.63,49.21,19.45,1660.0,356.03,156.05,43285.42,24.56,16.71
1308,https://mttmarket.com/users/5518749c0cf2f194a94bfb1c,epicretroll,159.0,-5129.41,7700.53,2571.12,-66.61,-60.9,48.43,16.35,6916.0,874.13,12.0,38572.64,78.31,46.49,1091.0,415.26,19.77,3029.88,56.18,14.05
1314,https://mttmarket.com/users/54b82e830cf2ef809ccc8883,exdaboo,2.0,-54.0,54.0,0.0,0.0,-100.0,27.0,0.0,2645.0,4209.96,4.64,3857.64,25.25,31.43,624.0,385.05,3.49,3387.42,107.07,155.53
1328,https://mttmarket.com/users/55457be10cf2bb0785a26065,edyvpakistan,5.0,-1804.0,1804.0,0.0,0.0,-100.0,360.8,0.0,11009.0,2859.15,20.69,75649.61,40.39,33.21,1137.0,600.25,55.04,7205.98,10.32,11.52
1330,https://mttmarket.com/users/554611480cf2bb0785a27409,Raymond1976,3.0,-22.9,25.4,2.5,-90.16,-92.42,8.47,33.33,6661.0,2091.61,6.61,-17375.89,-33.81,-39.49,832.0,244.14,7.12,-516.15,-39.85,-8.71
1334,https://mttmarket.com/users/5451f3500cf24a5c0d832fd7,DNesteruk,635.0,-754.21,21746.21,20992.0,-3.47,6.15,34.25,32.76,8020.0,1336.84,16.08,48339.46,46.29,37.47,811.0,414.49,28.21,11130.43,66.09,48.64
1385,https://mttmarket.com/users/5457de8a0cf24a5c0d8537e6,1cebreaker,1057.0,-1221.22,9795.68,8574.46,-12.47,-14.47,9.27,16.65,6078.0,2761.69,5.62,3190.66,27.69,9.35,982.0,491.73,7.41,193.84,12.0,2.66
1392,https://mttmarket.com/users/5498cdab0cf23c3abe0b517b,denmarina,472.0,-147.06,3737.2,3590.14,-3.94,-1.84,7.92,17.37,1979.0,900.6,3.78,2135.51,43.17,28.55,1746.0,247.76,3.68,2091.29,43.13,32.57
1394,https://mttmarket.com/users/5454b56e0cf24a5c0d840614,codename137,759.0,-831.78,7989.43,7157.65,-10.41,7.08,10.53,15.94,4858.0,2544.39,4.98,18850.64,134.54,77.84,853.0,363.56,7.77,3526.27,137.8,53.2
1395,https://mttmarket.com/users/530f3eab4700004638dc9e4d,ouch,4433.0,5632.17,105695.4,111327.57,5.33,24.9,23.84,18.07,11596.0,1476.06,12.49,34683.5,43.53,23.94,1673.0,336.32,15.64,4126.06,22.56,15.77
1417,https://mttmarket.com/users/54bff7970cf2b976e1b27ec3,CrazyPoka,379.0,5441.99,2683.6,8125.59,202.79,273.33,7.08,18.73,16326.0,3746.81,7.87,60176.11,61.18,46.82,565.0,601.59,5.28,83.41,16.03,2.8
1422,https://mttmarket.com/users/551082070cf2b6677319af0c,davec432,74.0,-624.75,1075.7,450.95,-58.08,-58.37,14.54,18.92,8582.0,2719.7,10.5,33607.07,79.93,37.28,530.0,438.85,14.91,2656.97,9.3,33.63
1424,https://mttmarket.com/users/54e338cc0cf2aad4ad29a4d6,MypaBey,655.0,254.9,16921.41,17176.31,1.51,16.15,25.83,20.31,16250.0,908.2,19.26,105136.92,50.84,33.59,1833.0,374.45,17.03,3767.93,27.04,12.07
1456,https://mttmarket.com/users/54345ab40cf2c31f2c28b568,Sidius,1067.0,-2078.23,8703.13,6624.9,-23.88,-4.15,8.16,12.56,6038.0,1688.93,3.46,4315.45,47.38,20.66,1680.0,322.75,5.67,2015.54,37.07,21.15
1485,https://mttmarket.com/users/532dca89520000b75fa9c556,celtic85182,2519.0,7918.61,35773.74,43692.35,22.14,20.99,14.2,26.88,7822.0,2273.61,9.78,21176.11,32.51,27.69,579.0,416.21,11.39,-1063.87,-4.88,-16.14
1517,https://mttmarket.com/users/54d09b130cf2d7cefb3282e1,king_high,35.0,-435.47,542.3,106.83,-80.3,-82.61,15.49,14.29,8604.0,370.4,12.04,12319.43,32.07,11.89,4639.0,142.06,16.58,2399.96,16.45,3.12
1580,https://mttmarket.com/users/54a1a9fb0cf2517cb1efd912,deimos256,85.0,31118.78,7928.33,39047.11,392.5,147.5,93.27,16.47,8153.0,2402.25,16.01,93436.2,31.91,71.58,2471.0,317.67,18.68,20232.53,55.33,43.84
1590,https://mttmarket.com/users/52b48cb8380000af00d83545,AntonTaranov,1664.0,-21597.6,80881.4,59283.8,-26.7,-18.04,48.61,14.36,8016.0,1898.43,36.35,15710.09,30.71,5.39,505.0,435.86,29.77,-6784.46,-31.87,-45.12
1616,https://mttmarket.com/users/54bee7430cf25777584cbe6f,sxxx87,344.0,-983.3,5923.04,4939.74,-16.6,-9.33,17.22,18.02,10005.0,607.13,4.23,12169.21,36.61,28.78,1034.0,316.8,9.19,2543.84,29.09,26.78
1617,https://mttmarket.com/users/53f4ad310cf22953035fa2a0,SHERIFFmd,638.0,739.47,31695.21,32434.68,2.33,11.33,49.68,17.87,4843.0,1226.53,28.77,67830.64,72.81,48.68,992.0,285.57,34.86,41246.09,83.63,119.26
1662,https://mttmarket.com/users/530486bd230000ad24d7046c,karamba,704.0,1797.1,27017.6,28814.7,6.65,0.04,38.38,19.89,10300.0,1634.99,28.75,55527.99,37.49,18.75,1320.0,306.24,35.6,5511.93,23.4,11.73
1665,https://mttmarket.com/users/548a791e0cf298ccc7dbc58e,Nightmare,527.0,4157.47,14471.49,18628.96,28.73,10.63,27.46,20.3,48402.0,693.33,9.69,71489.66,18.35,15.24,2985.0,236.06,17.72,9592.41,29.07,18.13
1730,https://mttmarket.com/users/53865abd0cf2c8120d3fd11a,Leshiy,425.0,-1090.77,10261.22,9170.45,-10.63,-9.33,24.14,16.71,24845.0,1006.51,10.99,74423.83,40.19,27.25,4373.0,243.11,22.3,16730.0,35.67,17.15
1781,https://mttmarket.com/users/543e30b90cf24a5c0d7cb711,wASH1K,150.0,496.89,645.6,1142.49,76.97,23.63,4.3,12.0,4957.0,1579.11,3.06,6312.18,36.68,41.55,287.0,185.45,2.69,562.43,15.1,72.81
1786,https://mttmarket.com/users/543fff170cf24a5c0d7d83c6,Evdik,110.0,-105.28,484.0,378.72,-21.75,-22.97,4.4,29.09,1804.0,2452.8,2.32,-900.76,10.74,-21.54,388.0,175.49,2.01,117.18,41.34,14.99
1804,https://mttmarket.com/users/53c798740cf25b8ee9716375,Yukozuna,2186.0,14377.7,53178.2,67555.9,27.04,56.08,24.33,24.11,7041.0,902.0,11.58,35771.29,61.04,43.88,2271.0,279.92,16.48,13228.59,42.75,35.35
1811,https://mttmarket.com/users/52b606b13800008b17d8371e,Slava4777,82.0,332.3,2924.5,3256.8,11.36,33.53,35.66,23.17,15118.0,1998.99,11.84,65993.83,39.28,36.86,2427.0,307.14,18.14,11524.13,37.35,26.17
1853,https://mttmarket.com/users/52bb78b71c00009500b5f38c,VolanD,1124.0,-21354.51,68588.02,47233.51,-31.13,-28.16,61.02,15.48,15589.0,1335.42,64.87,-40294.22,9.06,-3.98,3157.0,245.36,56.45,-16945.96,-8.19,-9.51
1947,https://mttmarket.com/users/52fa4923240000584fe517b6,PWF,756.0,316.25,22029.0,22345.25,1.44,20.83,29.14,16.27,9248.0,803.8,25.68,23796.92,26.02,10.02,408.0,378.1,22.98,7325.15,47.14,78.13
1973,https://mttmarket.com/users/52efa22b2300004734bf2aca,54kgPozitiva,144.0,2949.89,12571.95,15521.84,23.46,-16.82,87.31,19.44,17999.0,1161.51,21.46,62331.69,41.41,16.14,2484.0,430.99,28.5,9461.09,31.72,13.36
2010,https://mttmarket.com/users/537773170cf2c8120d3d7976,KBAHT A3APTA,281.0,-3231.0,11601.6,8370.6,-27.85,36.4,41.29,13.88,2665.0,467.89,17.52,16505.89,75.33,35.35,292.0,164.07,22.22,-1725.98,-13.68,-26.61
2037,https://mttmarket.com/users/536e0cf40cf2c15ecd6fe8ea,IGRIK762,892.0,-2687.03,8327.34,5640.31,-32.27,-35.99,9.34,16.59,5322.0,424.94,2.83,-3494.72,-8.1,-23.22,1892.0,80.31,1.25,-139.93,4.38,-5.91
2045,https://mttmarket.com/users/52cc31e551000018bfd89635,Mirage,303.0,-2070.43,9332.42,7261.99,-22.19,-4.36,30.8,18.15,7489.0,3726.41,15.14,42491.11,65.05,37.48,330.0,309.53,18.43,-163.99,2.85,-2.7
2080,https://mttmarket.com/users/5332df72520000a4aba9c653,NeverGiveUp,263.0,-3651.42,9665.22,6013.8,-37.78,-17.89,36.75,22.81,13707.0,1964.73,11.06,38647.6,46.35,25.48,899.0,240.15,15.74,6618.16,48.26,46.77
2169,https://mttmarket.com/users/53d7b61a0cf25b8ee974e720,sergeup,1309.0,-8032.04,24576.02,16543.98,-32.68,-29.43,18.77,19.02,2901.0,377.17,16.86,8366.99,22.95,17.11,574.0,212.76,19.84,181.35,24.31,1.59
2300,https://mttmarket.com/users/5304b594230000f326d704a0,corvet,800.0,-2754.74,11603.56,8848.82,-23.74,-20.36,14.5,20.13,11400.0,2434.28,12.24,12850.31,36.88,9.21,803.0,569.03,11.2,-214.85,-12.78,-2.39
2303,https://mttmarket.com/users/5374a21a0cf2c8120d3d0a4b,Bogatur777,304.0,160.85,6097.5,6258.35,2.64,10.21,20.06,15.79,3459.0,1119.13,10.69,15713.03,70.5,42.51,1233.0,379.15,10.85,9495.58,86.29,71.0
2309,https://mttmarket.com/users/530f11484700002b36dc9e18,20iluha20,1861.0,3119.22,38744.1,41863.32,8.05,12.11,20.82,17.68,4037.0,1035.72,16.3,7951.93,20.07,12.09,482.0,226.1,20.46,-2520.78,-11.08,-25.56
2314,https://mttmarket.com/users/53231f094a00004987954a4c,etayavnoigra,912.0,336.28,13512.53,13848.81,2.49,-0.52,14.82,22.59,7459.0,2071.42,4.53,1053.61,12.82,3.12,1020.0,332.59,8.14,1943.74,47.46,23.41
2324,https://mttmarket.com/users/52b46ebc5a0000f616eb25e7,ArtemYakovlev,29.0,-3380.0,4984.0,1604.0,-67.82,-61.9,171.86,17.24,10890.0,1565.34,44.04,201937.65,59.58,42.11,1333.0,313.5,35.58,7474.07,9.43,15.76
2332,https://mttmarket.com/users/530f68e6470000f039dc9e6e,sekretar,626.0,-41.01,8237.96,8196.95,-0.5,-15.62,13.16,15.65,1385.0,472.18,8.52,1078.82,1.98,9.14,291.0,205.13,8.95,2378.12,83.98,91.27
2345,https://mttmarket.com/users/52fa4015240000f94ee517ac,AlexaUA,637.0,-3487.7,20511.19,17023.49,-17.0,-8.97,32.2,18.52,10534.0,873.11,25.84,44684.36,31.95,16.42,2808.0,216.19,4.9,7808.35,83.13,56.78
2356,https://mttmarket.com/users/5319a671390000c6155b051a,RemmeMee,99.0,-1217.64,1556.56,338.92,-78.23,-80.92,15.72,11.11,5616.0,3059.65,8.33,6394.62,21.41,13.67,1756.0,231.89,15.38,7196.48,40.6,26.65
2416,https://mttmarket.com/users/52b32afc5a00002402eb24d2,mr5bet,124.0,-2757.97,7539.4,4781.43,-36.58,-39.56,60.8,11.29,9913.0,1570.98,49.98,167431.78,63.74,33.79,601.0,242.1,9.39,3979.35,119.39,70.48
2425,https://mttmarket.com/users/52b31b745a00002d01eb24af,vadka,261.0,-7286.42,30948.05,23661.63,-23.54,-16.98,118.57,18.39,27265.0,1820.88,50.97,245613.65,24.42,17.67,3064.0,392.52,64.81,-35830.2,8.58,-18.04
2428,https://mttmarket.com/users/52b7ff773800008633d83896,ItsMyReality,55.0,-2538.9,4201.4,1662.5,-60.43,-59.99,76.39,18.18,3964.0,1956.51,43.37,76476.69,61.69,44.49,442.0,472.36,37.67,1279.14,20.81,7.68
2429,https://mttmarket.com/users/52ce65e9240000660f3cd153,Becks,132.0,-2329.26,13929.0,11599.74,-16.72,-18.35,105.52,13.64,20683.0,2165.85,22.4,97608.78,49.25,21.07,931.0,533.38,21.03,-7212.77,-6.6,-36.83
2431,https://mttmarket.com/users/52b5b66b3800002713d83691,Iggy,94.0,-554.6,2171.0,1616.4,-25.55,-21.82,23.1,17.02,2680.0,949.87,12.58,22466.59,58.44,66.66,427.0,453.8,17.32,3888.29,96.76,52.59
2432,https://mttmarket.com/users/52b32d035a00002d02eb24d4,Egorrr,27.0,-2282.73,3957.5,1674.77,-57.68,-56.34,146.57,18.52,42384.0,1699.07,27.42,264929.0,40.13,22.8,6944.0,356.71,37.31,38848.36,18.82,15.0
2435,https://mttmarket.com/users/52bec56cdd0000640ee3aca4,harrrrmonica,43.0,1552.7,7228.5,8781.2,21.48,16.21,168.1,20.93,12444.0,1142.87,71.52,324853.97,32.7,36.5,996.0,359.83,257.06,178265.29,31.73,69.63
2437,https://mttmarket.com/users/52b59ecc3800000e12d83683,EmWatson,37.0,0.0,2446.81,2446.81,0.0,0.0,66.13,100.0,10420.0,2616.26,8.78,39584.18,59.43,43.25,998.0,324.3,13.35,1315.43,1.84,9.87
2461,https://mttmarket.com/users/55f42bab61ccb672b056c1ea,sunnyjones,75.0,-246.01,412.55,166.54,-59.63,-61.12,5.5,14.67,2024.0,4883.67,2.06,2557.18,27.4,61.26,463.0,274.94,1.18,-271.93,-12.38,-49.59
2462,https://mttmarket.com/users/53de3e210cf229530359c106,Bravo-tmb,17.0,-886.29,1306.0,419.71,-67.86,-55.11,76.82,11.76,9780.0,1663.99,20.55,69257.89,43.15,34.46,960.0,306.64,42.18,34821.97,50.82,86.0
2470,https://mttmarket.com/users/55bd1b1061ccb603d1b41d09,lilnavin,243.0,-601.95,1479.15,877.2,-40.7,-29.99,6.09,15.64,6302.0,2003.56,9.69,1554.03,13.19,2.54,2298.0,401.2,9.42,149.1,-4.08,0.69
2563,https://mttmarket.com/users/55ba6abe61ccb6003b3148f1,elmisantropo,124.0,-7.62,415.61,407.99,-1.83,-30.64,3.35,20.97,15452.0,661.77,2.79,-242.3,0.06,-0.56,831.0,189.46,1.12,-352.41,-23.39,-37.71
2653,https://mttmarket.com/users/5561db8b0cf25c1c3c02afcb,generalerror,11.0,381.26,345.74,727.0,110.27,-22.97,31.43,27.27,590.0,5538.54,9.78,10539.15,49.95,182.64,87.0,436.13,9.28,235.42,73.41,29.16
2661,https://mttmarket.com/users/55857c520cf2888715a155dc,Leonishe,1.0,-200.0,200.0,0.0,0.0,-100.0,200.0,0.0,9750.0,1861.5,10.42,48856.56,48.11,48.09,1274.0,147.94,4.62,-2866.47,2.78,-48.75
2846,https://mttmarket.com/users/55b9683061ccb600158d9c8b,ravensuc,2.0,-22.0,22.0,0.0,0.0,-100.0,11.0,0.0,3488.0,4044.07,0.84,-549.76,2.76,-18.72,521.0,176.27,0.65,111.02,43.06,32.83
2872,https://mttmarket.com/users/555b5ba60cf2820a8e3c9cca,luckyvad,45.0,100.7,349.79,450.49,28.79,28.66,7.77,28.89,2154.0,1050.13,3.57,2600.25,47.44,33.85,254.0,246.41,3.11,82.64,36.29,10.46
2965,https://mttmarket.com/users/553a57cb0cf26d1eaea5d96e,PlayAndPray,779.0,-365.9,4629.86,4263.96,-7.9,-5.21,5.94,20.54,15107.0,512.08,1.25,2246.56,37.65,11.93,3674.0,107.95,1.21,446.25,37.74,10.0
3013,https://mttmarket.com/users/559290ab0cf2888715a6bf40,Gontsa,36.0,277.23,405.1,682.33,68.43,111.38,11.25,19.44,8452.0,1829.75,17.1,22656.2,43.87,15.68,1194.0,499.5,20.76,912.94,34.53,3.68
3030,https://mttmarket.com/users/5372770a0cf2c8120d3cab55,AlexVoz,178.0,-215.68,1138.17,922.49,-18.95,-24.37,6.39,18.54,4412.0,2914.18,3.18,5099.0,39.06,36.31,1152.0,228.23,1.74,719.32,46.86,35.91
3039,https://mttmarket.com/users/53f5c8900cf22953035ff8b8,Illidan14,77.0,1579.98,3510.7,5090.68,45.0,52.46,45.59,19.48,14390.0,2354.61,20.3,101081.83,55.19,34.6,3935.0,413.89,32.0,44472.32,37.86,35.32
3162,https://mttmarket.com/users/54afb96d0cf226544e0ba97f,ArtyomS,18.0,122.39,248.5,370.89,49.25,174.73,13.81,5.56,7721.0,531.69,4.24,12416.51,51.77,37.89,1415.0,221.72,4.98,4359.57,80.76,61.86
3371,https://mttmarket.com/users/5373d3730cf2c8120d3cea8f,amkarovec,1.0,-215.0,215.0,0.0,0.0,-100.0,215.0,0.0,3741.0,2840.16,9.35,8419.17,23.22,24.08,215.0,168.59,27.4,487.96,19.32,8.28
3447,https://mttmarket.com/users/551a4fff0cf2f194a94c870a,bluecheek,249.0,4069.16,20917.74,24986.9,19.45,-3.77,84.01,14.06,8676.0,1293.89,26.72,113347.77,61.34,48.89,1561.0,265.63,39.28,17158.13,34.33,27.98
3449,https://mttmarket.com/users/537720df0cf2c8120d3d6b81,timtruth,10.0,-1753.0,1753.0,0.0,0.0,-100.0,175.3,0.0,3592.0,1695.09,27.45,43328.11,79.61,43.94,974.0,282.29,44.98,17263.37,40.65,39.4
3701,https://mttmarket.com/users/54eccab00cf22b7780468c23,maksnet,42.0,-105.01,286.89,181.88,-36.6,-52.48,6.83,28.57,10388.0,848.23,2.91,10349.05,39.54,34.22,2998.0,223.6,4.81,5152.66,46.44,35.73
3744,https://mttmarket.com/users/536f69800cf2a0fa0d4533c9,IwentworthI,106.0,-9309.45,16315.0,7005.55,-57.06,-58.01,153.92,12.26,19121.0,2300.4,24.15,102989.72,43.0,22.3,2479.0,360.85,60.78,52002.02,29.63,34.51
3830,https://mttmarket.com/users/54b595a30cf2a0fc36a8bc1d,laki757,9.0,-95.3,121.3,26.0,-78.57,-70.61,13.48,22.22,3751.0,3948.39,13.04,-4813.17,31.97,-9.84,377.0,292.47,8.93,1395.1,40.49,41.44
3874,https://mttmarket.com/users/54a2ab450cf23c2fa9bd644d,colonok,33.0,-56.34,121.05,64.71,-46.54,-53.06,3.67,30.3,1217.0,4254.99,1.04,101.64,1.6,7.99,353.0,196.47,1.38,85.0,11.93,17.45
3975,https://mttmarket.com/users/5450e8e80cf24a5c0d82e7bc,Kozzanostra,34.0,-155.4,265.0,109.6,-58.64,-44.45,7.79,26.47,5955.0,2773.57,6.78,10241.09,51.29,25.38,401.0,403.48,8.18,942.44,47.1,28.75
4401,https://mttmarket.com/users/53253a244a0000c8a5954aaa,Besik,31.0,-356.44,790.6,434.16,-45.08,-48.93,25.5,25.81,5215.0,393.57,29.07,44048.71,33.36,29.06,1267.0,202.67,34.94,9502.36,38.13,21.46
4412,https://mttmarket.com/users/52c13890510000ad10d893e4,TylerRM,21.0,-2507.0,3479.0,972.0,-72.06,-74.22,165.67,9.52,3896.0,1800.39,60.62,543425.05,59.81,230.11,720.0,369.59,79.41,506459.03,15.95,885.8
4496,https://mttmarket.com/users/55fc34fd61ccb61114661af8,kijosan,78.0,-49.08,509.68,460.6,-9.63,9.33,6.53,15.38,3308.0,1369.16,2.25,1394.09,28.82,18.75,1952.0,88.68,2.01,1034.63,36.19,26.31
4530,https://mttmarket.com/users/55d44fee61ccb62052d53b23,dito_na_me,6.0,54.9,56.1,111.0,97.86,68.18,9.35,33.33,17829.0,3239.21,7.43,19288.6,55.6,14.57,912.0,377.16,4.99,-916.35,24.53,-20.12
4552,https://mttmarket.com/users/56003b0861ccb61f2fb1550b,desdeabajo,33.0,-209.93,409.0,199.07,-51.33,-44.31,12.39,18.18,6220.0,1306.83,12.41,75778.13,69.34,98.16,468.0,199.28,16.24,4412.73,40.22,58.04
4575,https://mttmarket.com/users/55ad050f61ccb6000ed01e5b,arrmani,6.0,-21.0,21.0,0.0,0.0,-100.0,3.5,0.0,5077.0,2437.14,1.63,799.44,26.77,9.63,262.0,321.47,3.1,524.15,113.87,64.57
4643,https://mttmarket.com/users/55da8f8161ccb60b3ded5bab,filki,150.0,-228.84,880.09,651.25,-26.0,-32.22,5.87,19.33,4797.0,962.97,2.59,1962.67,48.27,15.81,1490.0,337.21,3.26,762.73,39.92,15.68
4737,https://mttmarket.com/users/55b6c60361ccb6001d437d0e,magicgog,1.0,104.12,440.1,544.22,23.66,23.66,440.1,100.0,10328.0,2770.05,57.88,214952.79,59.28,35.96,1833.0,546.42,71.17,26265.86,52.6,20.13
4778,https://mttmarket.com/users/551445ff0cf2f194a94b275b,msksevart,27.0,16.0,4418.0,4434.0,0.36,-12.07,163.63,37.04,12911.0,1470.7,17.86,70681.28,46.69,30.66,5172.0,418.49,25.24,43640.88,41.99,33.43
5013,https://mttmarket.com/users/53c763500cf25b8ee971542d,user2517,4.0,12.33,42.5,54.83,29.01,33.23,10.63,100.0,1840.0,3137.46,0.27,11.67,16.38,2.39,184.0,131.75,0.4,17.48,9.37,23.69
5089,https://mttmarket.com/users/54f4821e0cf22b778049c58e,zlo777,35.0,-275.12,371.35,96.23,-74.09,-78.54,10.61,20.0,16469.0,1472.25,5.09,15031.12,23.14,17.92,2183.0,336.17,6.86,2879.51,27.99,19.24
5130,https://mttmarket.com/users/54a172e20cf265030b7fbc46,Shak,48.0,17628.0,9202.0,26830.0,191.57,367.22,191.71,20.83,10928.0,3743.37,22.56,26385.1,29.74,10.7,1648.0,528.25,44.96,15570.62,31.51,21.02
5462,https://mttmarket.com/users/52b4bc553800008703d83565,umbroSS,49.0,27677.25,19160.0,46837.25,144.45,48.31,391.02,18.37,22280.0,1935.2,49.84,270839.55,59.25,24.39,2911.0,379.65,88.47,38602.56,29.77,14.99
5929,https://mttmarket.com/users/5609057261ccb63c4fb45dc7,akula11,22.0,4006.27,447.9,4454.17,894.46,413.62,20.36,50.0,15692.0,1638.32,10.12,31304.48,44.64,19.72,624.0,526.29,26.8,-1227.64,23.31,-7.34
5993,https://mttmarket.com/users/560d415b61ccb64d2e34470f,kartrid,6.0,-587.0,627.0,40.0,-93.62,-86.67,104.5,16.67,43657.0,1572.59,15.28,66129.95,29.4,9.91,4714.0,352.5,15.51,13371.96,36.81,18.29
6628,https://mttmarket.com/users/556384c20cf25c1c3c030b1d,Felsher70,10.0,-28.04,57.2,29.16,-49.02,-58.05,5.72,20.0,4358.0,1534.64,15.14,3634.53,16.69,5.51,1684.0,339.45,17.35,278.16,8.21,0.95
6697,https://mttmarket.com/users/54abe35a0cf23c2fa9c155eb,Belyi,39.0,-2440.0,4417.0,1977.0,-55.24,-19.16,113.26,38.46,5260.0,1336.84,25.21,3435.95,17.63,2.59,2135.0,339.2,34.43,908.38,3.64,1.24
7241,https://mttmarket.com/users/52b3141d5a00009900eb24a1,Eller,48.0,255.01,1305.73,1560.74,19.53,121.07,27.2,16.67,9192.0,1418.29,13.63,55718.05,84.01,44.47,1660.0,369.52,22.1,11556.0,35.71,31.5
7316,https://mttmarket.com/users/55d37ee461ccb61e9c34c508,rawal_flush,6.0,-70.09,150.94,80.85,-46.44,-29.27,25.16,33.33,1801.0,1427.9,6.4,3104.1,40.02,26.93,406.0,287.73,12.23,400.36,32.29,8.06
7341,https://mttmarket.com/users/5562f21d0cf25c1c3c02e96e,IceWindL,6.0,116.25,338.0,454.25,34.39,10.68,56.33,33.33,6242.0,4022.67,22.41,23436.82,56.49,16.75,1742.0,398.07,14.41,18237.19,90.72,72.64
7508,https://mttmarket.com/users/558b483e0cf2888715a41ff0,globallud,2.0,26.38,77.0,103.38,34.26,-6.02,38.5,50.0,9476.0,2404.42,61.66,89959.07,35.38,15.4,475.0,408.77,32.69,-9346.62,-38.64,-60.19
7950,https://mttmarket.com/users/52f162ba2300006b4cbf2aee,nU3DOC,7.0,-279.27,1215.0,935.73,-22.99,-43.11,173.57,28.57,20227.0,1240.7,21.0,83778.5,45.99,19.72,1447.0,322.01,27.83,15432.68,22.78,38.32
8026,https://mttmarket.com/users/52ed81862300004215bf2a76,d3km4n,18.0,-1867.5,2336.0,468.5,-79.94,-83.76,129.78,11.11,12727.0,1195.45,13.8,49628.6,40.54,28.27,2476.0,285.23,24.01,11709.58,33.44,19.69
8114,https://mttmarket.com/users/53817eb10cf2c8120d3f09e3,FerDJin,22.0,-1129.38,1610.85,481.47,-70.11,-77.62,73.22,13.64,,,,,,,,,,,,
8358,https://mttmarket.com/users/560a92c761ccb641daff8480,leonidkomlev,18.0,86.17,140.7,226.87,61.24,18.25,7.82,27.78,8414.0,1602.91,7.07,16653.21,59.36,27.99,1816.0,313.02,9.23,7122.49,80.42,42.5
8408,https://mttmarket.com/users/553f80370cf26d1eaea71108,Edwaarddd,41.0,-38.74,313.9,275.16,-12.34,-15.17,7.66,21.95,10422.0,2706.48,3.64,17727.39,55.73,46.78,670.0,325.73,2.94,603.97,54.0,30.63
8445,https://mttmarket.com/users/53955e070cf2c8120d41c860,Р”РµРїСѓС‚Р°С‚,3311.0,9538.95,46197.53,55736.48,20.65,20.31,13.95,16.76,5248.0,1979.76,10.13,6938.09,16.46,13.05,2678.0,306.42,11.96,7390.67,24.53,23.08
8639,https://mttmarket.com/users/55dd138261ccb61213fe0e24,ajei,1.0,-55.0,55.0,0.0,0.0,-100.0,55.0,0.0,7640.0,2126.49,10.83,6210.49,17.92,7.51,641.0,208.58,17.89,54.4,3.82,0.47
8640,https://mttmarket.com/users/5500ccc00cf2e523a0fe4e25,Mandriik88,1.0,-55.0,55.0,0.0,0.0,-100.0,55.0,0.0,2138.0,2306.95,8.61,14597.23,98.3,79.26,709.0,661.45,8.57,-280.9,19.49,-4.62
8730,https://mttmarket.com/users/557294740cf25acfc5bf90c5,webxsbo,7.0,-217.8,217.8,0.0,0.0,-100.0,31.11,0.0,4615.0,2942.61,5.3,30065.09,98.05,122.85,367.0,409.03,8.99,5545.01,134.43,168.1
9149,https://mttmarket.com/users/54c26e990cf2b976e1b3842d,inveb,6.0,-34.0,255.0,221.0,-13.33,-63.17,42.5,16.67,5120.0,423.19,8.73,24216.07,72.85,54.19,735.0,341.52,10.98,2896.71,81.82,35.88
10617,https://mttmarket.com/users/559a787e0cf2d95aabb17706,hbsv,19.0,-182.54,207.7,25.16,-87.89,-78.55,10.93,10.53,575.0,763.03,4.61,1747.19,120.46,65.93,328.0,348.88,4.21,657.02,167.72,47.54
10622,https://mttmarket.com/users/54ba58d10cf2ef809cce0991,onthe2nd,13.0,205.7,138.1,343.8,148.95,107.36,10.62,38.46,9294.0,1318.07,1.9,2027.95,35.89,11.45,891.0,187.98,4.82,1093.72,31.0,25.46
10669,https://mttmarket.com/users/552d09420cf26d1eaea2debe,ebonavt,10.0,-20.44,60.32,39.88,-33.89,-43.33,6.03,20.0,4030.0,1620.18,8.07,-1414.74,-9.45,-4.35,914.0,222.8,5.0,522.51,10.07,11.44
11389,https://mttmarket.com/users/52d9489d2400007358fc3261,DJonik_EV,35.0,-224.47,315.2,90.73,-71.22,-73.88,9.01,14.29,9172.0,1664.8,6.69,45366.69,82.16,73.9,992.0,454.71,11.6,7820.8,81.49,67.97
11411,https://mttmarket.com/users/52e78a413f0000546adf4af1,catchess,3.0,-1.2,139.2,138.0,-0.86,-6.5,46.4,33.33,932.0,500.79,16.15,10513.05,113.79,69.85,308.0,271.17,10.39,3664.07,148.11,114.49
11562,https://mttmarket.com/users/54bd86720cf25777584c2de5,w00ups,15.0,-236.5,247.7,11.2,-95.48,-96.21,16.51,13.33,14182.0,2104.2,3.49,7917.69,26.48,16.01,3095.0,372.85,7.62,6929.33,45.77,29.37
12047,https://mttmarket.com/users/54c93a330cf23c49427f44f1,batrrrr,1.0,289.32,215.0,504.32,134.57,134.57,215.0,100.0,8673.0,1789.69,7.7,29793.96,55.71,44.59,1547.0,195.22,6.22,3193.02,40.21,33.18
12422,https://mttmarket.com/users/52cc50cc51000047c0d8963a,ds10jqka,9.0,-1010.7,1332.0,321.3,-75.88,-83.4,148.0,11.11,16650.0,1432.88,18.14,54805.07,42.19,18.15,3484.0,360.91,39.56,36521.53,36.1,26.5
12563,https://mttmarket.com/users/55f9adff61ccb607bb15f0a9,olegator,15.0,-17.08,60.31,43.23,-28.32,-44.53,4.02,26.67,11125.0,769.76,1.39,2282.28,21.66,14.8,1010.0,140.35,1.33,-11.84,16.14,-0.88
12675,https://mttmarket.com/users/55eebec761ccb65540d2383a,nur1ck,2.0,-324.0,324.0,0.0,0.0,-100.0,162.0,0.0,44784.0,1331.38,49.15,391517.99,26.93,17.79,1703.0,343.23,56.12,-11541.02,-5.14,-12.08
12899,https://mttmarket.com/users/55dae70161ccb60bf049cfe8,analyser,8.0,-10.98,113.6,102.62,-9.67,-29.25,14.2,25.0,78968.0,1039.59,11.83,98918.17,17.5,10.59,1487.0,232.52,5.7,3802.47,55.84,44.9
12945,https://mttmarket.com/users/54ea5a5c0cf25ca3c45fa5fb,sNap364,3.0,-850.0,850.0,0.0,0.0,-100.0,283.33,0.0,7597.0,1535.57,8.77,28716.67,67.7,43.1,1231.0,347.56,24.78,18307.4,59.2,60.02
14343,https://mttmarket.com/users/537659e30cf2c8120d3d5029,Pavlentiy,4.0,3580.0,942.0,4522.0,380.04,380.42,235.5,50.0,4890.0,2337.11,11.92,26735.23,29.04,45.87,1415.0,84.4,20.89,23199.56,35.09,78.48
14546,https://mttmarket.com/users/536e790c0cf2614728539b49,77kol0bok77,1.0,-700.0,700.0,0.0,0.0,-100.0,700.0,0.0,13253.0,1500.34,57.69,363847.57,73.13,47.59,2502.0,336.99,94.14,36015.76,20.89,15.29
15316,https://mttmarket.com/users/52b32eef5a00004f02eb24da,PolPal,8.0,1462.0,223.0,1685.0,655.61,1119.89,27.88,25.0,1783.0,944.49,6.34,6844.83,79.19,60.53,485.0,171.1,9.66,4477.93,75.97,95.57
15385,https://mttmarket.com/users/532703ac3a0000e903fec092,verstkabond,22.0,-126.4,144.0,17.6,-87.78,-84.9,6.55,9.09,1810.0,1975.86,8.52,5321.37,34.3,34.51,956.0,291.84,10.13,4179.83,28.44,43.15
